ID,ISO_Code,Country,Region,HDI,Life expectancy,Mean years of schooling,Gross national income (GNI) per capita,Feature_8,Feature_9,Feature_10,Feature_11,Feature_12,Feature_13,Feature_14,Feature_15,Feature_16,Feature_17,Feature_18,Feature_19,Feature_20,Feature_21,Feature_22,Feature_23,Feature_24,Feature_25,Feature_26,Feature_27,Feature_28,Feature_29,Feature_30,Feature_31,Feature_32,Feature_33,Feature_34,Feature_35,Feature_36,Feature_37,Feature_38,Feature_39,Feature_40,Feature_41,Feature_42,Feature_43,Feature_44,Feature_45,Feature_46,Feature_47,Feature_48,Feature_49,Feature_50,Feature_51,Feature_52,Feature_53,Feature_54,Feature_55,Feature_56,Feature_57,Feature_58,Feature_59,Feature_60,Feature_61,Feature_62,Feature_63,Feature_64,Feature_65,Feature_66,Feature_67,Feature_68,Feature_69,Feature_70,Feature_71,Feature_72,Feature_73,Feature_74,Feature_75,Feature_76,Feature_77,Feature_78,Feature_79,Feature_80,Feature_81
1,IND1,India,Asia,0.414,63.3,6.5,14934,67.67,89.22,8.69,42.19,2.98,21.86,50.54,2.65,19.88,64.99,54.49,22.04,58.93,80.94,0.65,80.58,69.81,34.03,15.55,95.72,33.66,9.27,9.67,84.75,60.37,80.71,72.97,53.62,97.31,37.85,55.2,82.94,61.85,86.17,57.74,70.46,4.58,22.79,28.94,7.98,23.28,10.1,27.8,63.57,36.48,37.02,20.95,26.7,93.67,64.8,60.91,17.11,72.91,16.34,37.95,98.95,64.0,55.69,68.46,84.29,77.6,22.9,3.21,31.55,26.77,21.1,94.29,87.64,31.47,65.54,39.56,91.45,45.89,26.49
2,USA2,USA,Europe,0.825,71.2,12.2,57655,89.78,39.94,21.93,99.75,50.95,9.09,4.71,10.96,62.74,79.21,42.22,6.35,38.16,99.61,52.91,97.11,86.08,1.15,72.07,68.17,53.7,26.68,64.1,11.16,43.48,45.37,95.38,87.59,26.34,50.06,17.87,91.26,87.05,29.84,63.89,60.9,15.28,76.25,53.94,77.86,53.04,0.06,32.42,1.95,92.91,87.87,83.17,30.75,5.79,87.8,94.69,8.57,48.6,6.92,76.06,76.58,12.84,47.53,54.98,26.51,87.24,42.31,21.18,53.93,72.99,20.12,31.17,99.51,64.99,43.81,51.76,12.1,22.47,33.81
3,CHI3,China,Oceania,0.716,72.7,4.1,9216,22.89,90.54,85.96,7.09,23.8,66.9,21.42,13.23,93.55,57.1,47.27,78.46,80.75,19.04,9.69,43.11,42.36,46.7,72.91,67.34,98.42,9.84,40.26,33.93,86.17,24.87,19.02,44.86,42.19,27.85,24.98,92.33,44.31,86.13,55.03,5.06,99.93,83.6,96.9,92.64,84.87,16.63,48.56,21.37,40.1,5.86,37.9,98.53,26.52,78.41,45.5,42.3,95.73,99.54,55.58,71.84,15.48,29.67,96.87,57.92,54.22,74.8,5.72,58.42,50.29,85.27,15.74,96.08,8.01,18.58,59.5,67.52,23.52,11.99
4,JAP4,Japan,Oceania,0.54,72.8,10.8,56448,65.74,56.52,31.64,26.08,66.97,31.42,26.56,13.09,64.55,45.72,92.9,93.57,0.93,62.12,56.3,10.0,53.76,50.59,13.25,34.9,6.88,24.43,28.5,43.82,54.32,30.25,98.39,80.71,52.89,66.79,55.46,93.18,10.36,87.81,26.45,88.97,74.24,15.54,28.18,21.06,34.29,68.75,85.29,50.54,25.11,90.82,5.08,63.43,82.93,4.41,33.36,13.08,97.98,16.16,44.18,70.57,56.09,11.19,94.51,69.1,14.91,3.6,36.92,55.25,42.98,4.18,36.47,93.31,97.22,3.99,35.78,68.21,66.69,35.37
5,GER5,Germany,Oceania,0.904,67.2,10.8,21757,92.58,23.67,16.25,79.99,17.71,41.23,17.94,92.45,78.24,41.17,66.99,73.51,24.82,15.92,70.13,38.25,3.87,47.07,19.96,91.85,34.97,82.05,87.13,22.29,66.0,39.85,27.86,6.94,77.33,35.11,50.94,67.95,84.37,33.11,2.76,87.7,26.12,58.06,98.36,3.83,59.66,34.57,78.64,43.64,98.42,11.56,89.95,19.01,4.44,43.61,51.99,80.65,68.69,94.03,73.7,19.7,43.13,94.89,92.08,62.32,66.34,12.46,90.0,50.71,66.69,32.62,69.72,55.44,19.18,66.49,37.91,74.81,17.4,56.91
6,FRA6,France,Americas,0.712,55.0,7.2,57846,78.58,60.67,32.22,44.18,67.56,51.12,79.37,95.98,73.6,65.89,28.38,66.39,61.93,9.34,95.2,23.49,31.04,80.66,14.74,4.62,98.39,61.13,76.85,45.54,88.61,57.57,71.83,38.4,39.97,14.76,68.76,89.27,86.04,88.55,77.84,21.88,80.41,69.59,46.45,55.74,91.75,12.14,13.33,46.46,53.11,55.89,31.73,75.53,44.26,81.5,89.2,42.67,90.69,44.59,15.92,86.15,45.01,75.18,83.99,27.73,77.77,48.46,23.92,43.99,71.35,23.45,33.58,89.3,8.06,15.08,38.3,15.28,21.4,41.49
7,BRA7,Brazil,Africa,0.709,67.5,6.3,56569,38.95,76.98,94.61,1.95,88.07,57.57,47.7,94.27,29.86,39.0,89.16,83.57,53.82,73.46,79.99,89.78,48.82,27.29,48.56,38.89,66.89,79.81,72.42,84.05,91.95,98.07,53.41,90.69,59.19,66.3,8.39,42.86,86.69,18.17,26.02,32.74,45.47,33.75,87.96,27.83,95.12,42.16,83.49,47.03,74.9,5.21,95.19,22.42,6.86,95.73,4.03,3.1,24.73,83.92,62.13,23.85,47.36,11.44,94.78,46.5,25.62,36.89,60.59,96.37,71.84,77.78,16.38,31.1,57.87,92.89,57.58,90.8,37.53,94.15
8,CAN8,Canada,Europe,0.443,75.7,10.9,14856,69.72,30.16,68.43,80.55,79.62,56.59,4.11,53.27,66.15,6.9,64.75,1.27,42.01,49.02,43.35,36.22,89.16,45.97,15.3,17.61,52.17,65.05,61.59,91.96,77.46,46.49,82.57,59.25,32.23,24.55,93.46,27.89,45.08,75.05,56.98,66.82,33.64,49.43,32.5,48.75,35.48,25.84,27.97,59.62,88.01,55.58,51.66,19.11,24.14,40.64,55.52,24.03,47.61,71.18,44.82,1.72,29.42,40.44,24.33,66.4,36.9,55.35,34.38,99.66,55.04,35.18,45.37,30.66,23.05,72.13,31.55,74.29,95.09,69.02
9,AUS9,Australia,Europe,0.523,69.5,12.0,70265,59.68,98.05,83.26,29.62,36.09,30.23,70.8,12.66,4.55,5.45,29.21,94.41,63.79,75.28,10.26,1.23,28.43,47.87,34.07,96.55,25.25,86.17,11.41,6.53,49.17,57.7,68.65,15.17,81.11,94.91,8.52,24.82,55.81,41.62,59.61,61.84,77.57,38.04,90.85,29.74,58.85,42.88,56.86,6.02,96.01,9.92,76.27,62.55,26.46,8.12,23.99,55.2,15.65,40.85,68.94,46.99,3.26,28.81,28.27,85.96,7.12,23.34,26.46,79.12,58.98,80.39,19.78,11.48,22.48,14.9,26.56,14.22,5.96,79.26
10,UNI10,United Kingdom,Oceania,0.827,72.1,7.2,17799,46.87,30.41,40.25,27.22,54.0,43.78,59.8,88.94,73.45,60.37,2.59,22.89,67.43,86.05,58.71,2.07,76.48,82.14,57.62,76.31,17.52,51.9,44.22,27.82,99.69,43.59,81.42,96.91,47.0,40.83,32.11,10.46,16.08,41.16,49.55,66.26,40.05,76.05,3.67,8.81,25.24,11.59,77.25,86.49,82.49,0.12,86.94,46.2,5.42,51.84,62.26,49.85,44.2,5.16,26.71,13.1,28.8,88.08,48.47,2.89,63.0,79.93,70.98,31.08,1.37,40.8,22.47,84.14,11.35,94.71,64.77,15.4,93.27,29.19
11,SOU11,South Africa,Africa,0.637,69.5,9.2,61371,55.13,38.36,92.19,50.82,87.93,86.4,27.62,79.0,41.49,93.42,50.77,82.05,28.28,29.86,58.69,99.89,48.96,14.86,53.86,34.51,55.19,54.34,45.53,32.18,18.87,69.75,57.18,23.36,77.55,4.36,74.47,70.52,81.14,38.61,66.37,82.07,98.08,49.53,3.7,50.23,59.02,86.97,87.42,44.03,52.6,45.69,72.24,41.0,65.48,15.44,46.95,96.92,33.86,69.27,64.98,85.18,85.23,85.93,38.0,31.67,71.87,75.94,87.24,3.59,6.84,63.12,92.09,99.74,74.68,43.4,9.84,63.37,87.26,44.37
12,MEX12,Mexico,Africa,0.915,56.4,12.8,39952,35.85,43.07,24.42,41.21,68.18,18.01,17.51,60.95,38.25,68.31,49.77,58.32,23.22,63.79,45.96,66.68,89.89,46.53,28.76,54.66,7.39,94.52,98.77,29.92,96.2,69.03,45.68,30.21,99.94,85.33,10.67,38.14,35.9,29.59,69.93,2.19,83.0,39.58,0.81,86.51,77.83,97.36,91.06,74.52,83.28,90.29,77.57,23.01,80.19,21.9,19.01,25.06,75.56,76.75,68.09,13.68,9.72,62.75,3.94,78.86,3.34,36.49,13.14,90.96,32.67,41.55,20.08,78.65,87.65,36.59,50.18,27.25,16.45,91.4
13,IND13,Indonesia,Americas,0.951,63.9,13.6,16595,46.83,7.53,75.42,22.56,67.63,67.44,39.74,84.57,55.73,9.03,39.46,26.45,12.36,36.86,74.9,26.22,38.1,63.85,37.15,67.48,47.15,61.95,94.32,32.8,61.01,64.77,63.54,46.43,70.11,64.92,11.67,4.53,3.72,99.59,11.61,23.48,53.75,38.86,37.1,94.94,69.65,54.02,58.73,72.66,88.54,65.49,83.37,61.57,93.91,27.97,69.03,21.73,44.47,23.61,36.27,98.09,36.73,90.17,64.48,6.06,27.59,96.82,94.9,82.42,9.17,21.21,63.95,97.11,5.06,33.35,98.88,78.7,20.52,82.98
14,ITA14,Italy,Oceania,0.518,61.5,13.6,44564,77.44,78.86,59.6,27.73,98.4,98.75,54.02,79.85,10.99,86.64,13.18,35.82,78.84,58.89,1.58,26.54,12.68,42.1,11.36,6.36,44.83,36.2,59.37,45.2,22.15,61.51,72.72,90.88,65.89,30.16,64.33,3.12,99.86,84.73,42.63,10.8,71.24,44.36,89.93,32.21,14.83,12.62,62.43,58.54,71.22,38.09,59.74,29.49,50.56,43.02,79.31,11.44,65.47,87.77,55.13,86.55,43.01,88.81,41.38,82.74,39.87,72.96,31.25,31.25,25.49,95.36,68.68,47.43,9.12,8.54,43.19,74.46,37.26,13.01
15,SPA15,Spain,Asia,0.734,71.8,7.6,17521,41.08,87.36,94.11,42.29,91.58,5.14,28.76,31.24,10.36,50.74,15.47,48.22,84.73,35.01,55.63,11.49,27.86,22.62,42.91,56.1,76.74,62.17,67.5,55.67,60.9,65.78,69.35,2.9,27.33,76.24,92.15,35.1,18.14,14.33,65.73,6.96,74.1,97.18,9.18,53.05,37.62,45.36,15.74,31.16,32.44,94.14,59.62,88.33,15.56,75.44,4.98,8.16,44.31,42.4,60.71,41.42,21.56,51.23,34.52,11.09,67.82,59.31,52.69,30.84,22.05,98.44,5.48,20.44,94.53,76.73,76.42,28.94,12.0,49.74
16,RUS16,Russia,Americas,0.5,66.4,11.7,67070,55.87,66.8,35.42,39.71,74.2,43.62,45.98,7.79,31.31,42.93,40.44,64.01,28.95,40.5,96.62,17.19,94.76,46.01,68.96,36.19,43.67,10.59,43.57,40.04,7.86,87.05,74.58,22.16,77.91,7.64,63.32,53.06,19.39,77.62,35.11,95.82,64.54,14.77,10.28,25.6,17.35,15.29,75.92,7.54,95.13,62.79,46.4,56.37,57.95,68.11,88.2,64.3,98.65,32.32,97.1,31.61,43.98,46.89,63.14,79.63,59.14,35.19,7.42,46.17,3.76,36.87,28.71,64.47,97.74,9.03,59.41,38.45,58.03,95.42
17,ARG17,Argentina,Asia,0.656,79.3,11.2,43643,60.5,50.14,95.77,45.05,81.1,83.74,98.24,8.43,64.61,3.91,70.76,99.1,52.41,60.98,36.39,91.79,38.74,77.45,67.89,5.24,63.09,33.46,32.97,55.8,38.66,25.2,85.16,96.44,60.27,15.04,8.15,66.36,91.67,31.02,65.61,66.21,12.9,70.88,8.47,55.89,64.35,32.85,12.78,70.28,94.71,99.72,91.24,9.35,67.05,50.85,1.82,30.89,95.12,34.17,76.62,19.2,100.0,15.49,29.58,78.81,50.77,53.98,73.86,52.65,66.19,87.64,61.8,59.72,15.43,18.08,69.28,62.47,90.27,72.12
18,NIG18,Nigeria,Asia,0.634,75.3,6.6,59722,61.06,75.24,78.38,23.4,23.92,96.56,78.44,90.4,19.4,67.83,57.04,44.06,76.94,77.81,50.29,41.87,16.21,19.97,60.47,87.3,5.22,48.06,37.12,93.43,71.14,51.59,12.47,8.39,16.03,44.93,51.34,83.1,9.17,91.05,81.67,88.46,93.05,41.49,39.65,37.4,38.62,8.16,22.45,31.87,9.91,71.47,33.53,14.6,3.83,91.74,47.25,83.11,75.88,46.91,61.53,90.59,1.9,21.57,14.95,94.02,60.89,42.33,77.62,23.76,12.18,23.84,63.9,62.28,6.28,83.67,49.98,53.61,63.2,57.5
19,NEP19,Nepal,Europe,0.566,55.0,7.9,76298,41.66,66.44,8.56,97.47,6.77,52.61,50.73,98.83,55.42,39.05,47.01,63.57,98.1,25.37,1.62,78.85,34.48,73.29,62.83,77.15,73.52,33.25,4.43,54.6,81.35,17.51,77.91,46.46,69.54,63.17,81.15,6.31,77.62,45.77,29.34,4.38,19.95,4.19,93.34,51.54,98.91,54.3,25.33,75.33,19.11,35.7,78.08,86.58,33.19,12.45,36.8,88.95,74.33,89.46,38.66,97.37,49.62,49.75,92.43,51.93,80.11,72.71,7.89,60.25,82.23,54.55,32.12,8.01,66.09,30.65,60.26,42.61,68.98,35.15
20,SRI20,Sri Lanka,Asia,0.814,82.3,10.8,58508,27.46,98.0,94.79,7.5,63.75,36.33,80.11,67.94,95.28,14.28,60.76,78.13,3.48,6.72,77.85,36.63,38.29,56.72,60.51,67.91,94.88,37.2,76.31,57.39,52.95,39.8,64.96,24.96,11.34,73.57,49.9,38.7,56.17,26.18,26.03,44.63,99.64,28.56,91.65,49.12,12.26,85.28,45.2,89.87,44.51,8.78,68.19,84.55,31.96,34.74,6.49,54.22,89.13,85.14,71.18,92.73,63.77,79.37,50.88,12.14,20.1,13.89,79.04,2.63,55.4,36.89,80.37,55.16,61.19,8.62,30.93,99.96,71.89,52.57
21,IND21,India,Americas,0.869,57.2,14.7,11220,45.0,68.01,34.45,87.8,78.03,63.98,18.2,96.63,43.26,91.07,5.54,12.42,15.3,16.47,32.27,70.93,34.6,94.09,89.49,84.59,25.06,63.51,55.08,12.52,30.28,53.35,50.26,16.86,94.16,15.42,65.87,72.06,60.51,84.25,56.36,82.52,2.84,4.55,64.15,57.68,65.11,76.7,41.66,63.9,49.8,62.72,28.97,95.67,48.29,80.47,68.5,29.74,7.3,5.99,43.96,48.43,20.4,60.67,31.26,71.84,73.42,86.08,97.54,13.08,37.05,56.17,31.91,46.65,26.75,24.79,9.68,29.02,38.41,61.54
22,USA22,USA,Europe,0.949,82.1,12.9,77218,72.11,18.98,15.93,99.6,46.68,87.91,49.74,9.0,39.32,45.72,24.07,58.33,4.87,28.14,59.75,84.28,67.25,28.57,0.82,10.75,13.39,26.45,36.58,40.33,4.52,5.12,56.18,36.25,28.86,38.63,45.04,54.99,82.53,62.32,61.1,12.87,9.67,37.32,98.68,55.78,36.56,14.43,60.25,40.14,4.03,3.89,71.36,80.4,51.93,14.89,89.31,13.98,93.14,31.85,39.3,61.65,84.26,59.37,50.73,50.97,48.98,56.29,47.49,1.66,33.12,10.96,41.65,30.77,89.88,87.21,62.93,59.69,26.55,65.56
23,CHI23,China,Oceania,0.729,76.6,10.4,23849,52.42,72.12,77.46,38.02,82.17,24.22,57.26,70.05,19.08,44.1,41.88,41.3,20.39,50.18,61.15,47.16,84.84,72.74,70.58,51.87,56.09,99.81,47.84,37.68,95.67,45.97,53.31,54.63,67.59,86.77,68.07,80.37,26.44,48.42,95.73,27.9,29.85,94.15,98.23,77.12,70.49,69.02,48.9,47.98,56.05,93.45,72.17,28.78,57.35,54.32,89.58,39.45,34.51,77.31,14.65,4.21,95.53,7.9,92.4,65.6,74.73,21.4,82.8,27.11,56.2,27.16,10.92,74.09,23.93,5.08,90.52,22.57,23.28,10.02
24,JAP24,Japan,Africa,0.809,58.0,12.5,2179,96.45,97.79,15.79,65.29,88.06,47.57,65.05,75.59,28.72,28.54,5.92,76.87,65.23,23.22,73.87,85.03,3.73,92.15,41.79,83.76,93.39,3.63,83.62,78.8,18.63,74.9,87.23,28.95,3.75,29.84,60.28,92.85,33.5,45.43,64.13,52.43,88.93,13.42,50.42,27.28,80.88,33.07,73.11,64.83,71.86,1.41,33.71,29.5,67.44,19.32,61.1,63.87,40.55,42.77,32.79,40.08,9.54,98.17,47.75,93.58,0.68,38.36,44.67,26.7,32.96,58.25,57.29,26.16,35.96,23.63,66.78,46.54,15.97,68.61
25,GER25,Germany,Africa,0.793,74.2,14.3,49674,61.46,21.91,13.36,15.32,74.77,60.57,41.58,54.92,47.08,53.75,66.41,21.84,24.75,75.47,87.31,8.19,44.67,70.38,7.81,56.42,6.18,54.76,50.55,57.27,14.99,32.81,52.03,11.62,20.54,58.31,9.09,51.04,80.87,45.34,51.32,45.68,5.77,46.24,80.69,72.33,39.59,81.65,74.58,57.83,4.53,34.45,6.38,99.41,93.46,6.9,93.38,3.17,40.89,76.9,76.58,97.83,64.59,42.04,99.29,38.25,86.96,90.68,37.56,68.27,66.18,53.93,65.35,34.78,17.85,53.73,52.88,72.79,22.27,0.35
26,FRA26,France,Asia,0.958,68.9,11.9,57091,53.19,82.34,24.75,34.62,27.56,93.74,72.5,11.28,80.95,41.92,76.61,88.38,1.56,20.61,10.09,3.36,59.78,70.33,4.87,74.05,40.23,23.43,21.73,86.37,5.64,50.39,28.93,81.58,73.15,31.89,59.79,67.25,32.07,30.18,14.33,66.02,22.1,30.05,6.1,94.85,87.97,91.16,62.6,42.72,49.56,97.23,94.16,67.13,78.58,31.87,41.63,14.92,37.65,75.44,47.35,84.93,30.07,70.76,80.58,91.47,56.24,96.78,55.73,13.41,24.29,20.33,64.67,92.22,84.71,9.25,72.46,19.05,26.85,67.37
27,BRA27,Brazil,Oceania,0.423,57.2,12.9,78515,72.43,55.89,47.94,86.95,33.3,95.7,1.53,93.72,96.21,11.73,99.96,47.89,24.26,60.44,20.45,91.51,55.21,77.55,38.07,53.37,35.93,26.16,51.28,49.73,9.86,98.13,46.95,83.97,91.43,37.07,41.39,56.25,22.13,14.59,26.08,93.48,57.91,41.76,15.24,32.99,37.98,83.34,49.93,65.46,68.48,25.73,82.16,96.65,64.17,49.06,16.82,79.5,16.93,72.03,48.83,91.69,54.21,64.18,5.87,3.38,84.67,94.52,66.82,76.43,41.24,84.25,23.14,70.72,0.91,50.57,37.32,61.78,66.68,61.65
28,CAN28,Canada,Americas,0.776,55.5,9.9,55414,1.19,52.94,27.47,97.75,1.71,81.32,67.4,80.62,90.98,10.7,9.63,14.89,19.19,52.65,81.52,26.73,39.69,37.31,40.6,56.5,99.02,22.59,68.4,84.79,65.37,85.82,75.96,9.35,37.93,55.27,5.61,0.95,17.14,49.99,43.39,78.44,56.59,85.8,9.54,52.82,4.26,21.14,86.81,88.76,47.55,4.66,7.43,92.56,89.93,56.35,3.29,92.88,31.45,96.15,58.7,75.23,71.27,39.83,7.69,16.25,24.05,83.47,38.92,89.65,33.17,75.56,14.0,98.85,72.42,50.08,97.43,5.37,43.71,83.87
29,AUS29,Australia,Africa,0.745,73.4,10.6,44278,2.96,27.33,99.26,49.06,35.58,94.11,43.18,67.97,66.07,8.57,61.86,79.81,71.31,8.2,15.42,71.17,63.39,73.97,31.67,10.66,0.52,30.83,35.99,26.98,13.25,18.74,44.88,55.47,40.8,2.63,35.39,9.31,59.8,32.44,38.52,29.18,38.78,8.47,90.11,90.52,97.82,57.2,16.96,38.07,13.88,30.11,49.31,6.33,43.47,42.11,48.42,7.69,25.17,24.66,62.5,59.38,19.55,10.7,30.47,94.88,33.22,62.02,80.41,32.95,33.47,81.55,85.95,97.42,13.61,32.07,94.73,20.09,31.42,96.46
30,UNI30,United Kingdom,Africa,0.566,75.8,9.4,76981,78.2,32.59,28.03,78.59,36.5,93.21,19.98,99.73,17.99,76.76,2.69,72.72,94.3,20.96,79.77,83.13,6.92,84.78,79.5,67.3,13.92,30.28,25.27,15.41,42.31,37.7,44.91,59.79,58.22,53.44,92.35,86.96,41.83,3.68,96.84,70.16,81.23,59.38,91.44,10.94,24.82,66.47,16.63,61.27,56.32,64.5,64.67,96.68,33.16,79.62,10.59,9.86,22.2,74.69,55.8,68.77,22.1,37.41,46.31,67.96,69.04,15.07,99.77,48.28,29.54,92.05,8.59,83.13,73.02,34.83,34.31,78.43,52.11,34.83
31,SOU31,South Africa,Asia,0.65,75.9,7.5,40856,4.47,71.08,2.26,34.31,10.94,80.01,92.99,74.05,51.6,55.19,33.1,42.64,46.21,79.78,62.98,18.64,65.73,39.56,73.74,88.31,44.96,42.96,0.45,21.48,27.83,70.38,79.6,57.73,79.95,53.69,36.58,19.71,11.4,67.07,48.95,96.59,31.34,38.86,39.25,11.42,35.2,45.79,17.25,67.36,80.06,91.87,59.02,67.21,31.32,23.86,11.69,37.33,14.14,38.85,59.64,57.48,42.3,48.67,53.74,91.92,93.07,17.32,16.69,28.88,18.71,84.2,61.94,86.55,95.18,48.46,19.51,38.39,56.16,65.31
32,MEX32,Mexico,Americas,0.79,67.5,13.2,65554,16.73,56.54,79.59,22.05,3.27,22.48,28.87,78.07,56.57,77.25,49.53,51.08,57.27,26.79,54.31,99.09,54.2,75.68,76.0,44.14,21.85,42.52,73.6,65.37,24.75,87.48,3.22,26.28,86.22,8.7,86.53,11.74,81.19,20.99,73.76,68.91,86.1,61.03,42.82,61.62,78.48,81.35,80.54,57.01,53.23,59.69,16.84,97.9,29.26,57.27,95.24,51.44,90.02,81.52,13.56,75.01,41.16,5.93,27.73,65.59,70.14,13.27,14.62,32.21,24.76,84.36,39.27,14.22,63.24,62.78,37.52,7.55,79.46,76.89
33,IND33,Indonesia,Americas,0.694,63.3,14.3,49874,45.47,48.8,58.2,86.89,84.72,9.31,97.22,63.48,69.73,85.01,79.57,39.77,96.81,82.48,49.47,32.29,28.36,54.73,13.06,85.24,78.83,89.42,76.23,4.59,62.62,83.67,1.63,92.94,15.8,45.65,99.18,42.78,99.57,90.94,88.21,30.19,87.44,87.66,9.33,36.04,8.24,66.45,64.89,5.18,62.56,72.6,75.52,42.92,9.12,9.52,21.34,7.79,59.37,51.94,44.51,0.81,34.36,12.06,86.03,69.4,47.77,22.89,8.93,80.6,10.32,36.76,29.93,38.27,81.34,87.45,64.16,67.71,6.84,56.33
34,ITA34,Italy,Oceania,0.771,68.2,11.9,21340,91.99,61.61,44.24,21.72,89.66,14.0,12.32,73.0,35.15,42.94,79.11,24.78,64.46,24.82,60.1,72.12,28.49,94.13,2.68,84.71,87.58,20.54,60.69,18.86,39.18,64.62,78.38,79.38,23.93,38.59,24.11,63.81,7.1,88.87,1.21,36.11,31.65,38.68,83.9,42.09,54.64,17.28,47.1,98.74,7.3,58.74,1.38,21.57,92.26,94.87,39.8,28.65,71.26,76.71,42.36,40.23,64.05,53.77,15.27,8.36,7.9,92.09,97.43,15.54,32.68,58.64,76.32,64.98,64.32,31.02,43.75,95.34,23.86,24.45
35,SPA35,Spain,Americas,0.466,73.4,4.6,24522,11.94,70.79,70.15,16.38,95.3,52.3,78.3,72.08,16.7,12.69,78.11,26.88,88.64,77.14,2.94,80.71,27.2,6.39,71.23,57.67,7.71,45.52,36.01,49.96,56.69,36.77,25.51,10.29,57.39,72.28,22.84,50.88,4.4,86.29,24.46,47.18,38.3,15.01,93.12,85.75,55.29,91.39,74.07,41.94,32.18,41.63,72.03,27.13,7.79,37.28,50.2,90.19,17.93,80.43,98.14,95.41,6.89,46.51,28.23,84.48,32.73,55.31,0.8,20.07,56.38,30.39,62.27,46.39,59.17,49.34,77.26,19.54,90.04,76.05
36,RUS36,Russia,Europe,0.486,83.0,4.3,72481,34.64,83.96,87.72,95.1,0.15,65.73,84.9,72.72,10.39,52.98,23.82,49.2,5.99,99.7,71.17,9.3,92.13,89.73,51.98,70.08,37.25,97.46,8.49,9.56,13.35,82.0,7.48,56.78,43.5,96.42,23.68,26.1,31.5,80.08,70.07,73.54,31.81,27.2,7.47,20.27,77.99,58.47,15.54,16.44,46.61,40.65,53.59,96.46,20.76,30.83,26.5,11.99,15.76,68.61,82.64,69.69,4.03,83.59,32.78,9.12,24.82,35.57,51.35,67.72,26.02,99.07,3.11,40.44,45.22,74.81,24.99,46.2,80.39,13.98
37,ARG37,Argentina,Asia,0.435,78.4,6.4,27469,82.37,37.22,63.03,64.47,58.23,25.88,81.27,2.18,6.45,90.25,44.34,12.88,90.51,82.94,33.15,4.27,46.1,16.8,57.39,82.17,39.5,2.95,68.32,17.28,21.47,18.72,27.99,88.34,3.46,61.92,24.58,29.51,41.2,55.07,6.1,27.98,13.72,19.95,88.47,52.58,63.08,80.22,79.48,98.94,78.19,35.91,54.45,48.47,91.27,50.24,38.84,17.98,31.89,21.9,89.58,77.85,5.86,99.15,52.94,76.68,99.96,97.4,10.01,65.69,26.65,81.63,91.73,5.59,99.64,21.94,84.65,79.74,35.48,83.92
38,NIG38,Nigeria,Europe,0.5,72.8,12.9,48526,91.4,2.82,70.06,94.76,56.36,56.31,18.82,98.8,88.16,49.22,30.91,49.04,9.03,23.26,21.88,52.64,0.07,91.79,20.15,13.05,71.69,91.88,84.43,32.36,2.19,58.66,91.72,77.44,84.65,86.07,96.06,37.36,94.19,39.56,10.1,30.18,13.65,15.75,94.87,79.18,96.07,64.92,17.42,96.87,69.36,92.88,78.7,22.32,58.9,17.54,30.68,68.85,12.73,72.88,94.88,94.87,39.16,99.43,96.52,3.24,60.24,92.1,96.75,22.09,56.56,93.67,14.06,74.53,23.8,98.24,16.79,88.53,8.87,70.9
39,NEP39,Nepal,Africa,0.655,63.0,6.7,10385,35.05,78.7,72.04,4.81,43.82,41.97,16.63,41.4,88.18,35.12,37.53,82.88,78.87,57.81,75.82,22.56,45.13,79.92,3.34,2.01,26.11,10.47,34.18,88.79,16.09,7.5,94.18,97.8,33.8,98.53,89.32,70.45,43.13,65.36,60.73,43.42,5.36,33.11,97.44,40.93,55.41,92.56,54.01,66.06,29.74,9.59,39.29,54.97,49.09,5.45,0.38,8.76,82.39,62.51,48.03,9.7,20.7,63.82,97.71,47.36,11.55,78.49,47.09,89.49,26.5,64.19,38.75,37.1,38.14,18.66,4.46,43.97,26.34,83.71
40,SRI40,Sri Lanka,Oceania,0.435,77.6,11.3,12733,66.81,80.82,41.4,75.65,22.75,6.1,38.71,52.26,96.56,68.71,93.64,57.27,23.56,29.89,39.48,85.39,3.47,57.12,51.68,57.15,98.28,14.74,94.93,44.9,94.91,16.72,21.19,19.27,4.27,7.84,68.31,20.19,82.26,14.79,59.5,31.97,72.71,80.73,8.7,55.64,55.21,85.66,51.97,91.72,1.24,70.04,58.76,78.17,11.25,14.96,56.66,58.27,96.48,10.02,10.56,77.95,78.57,86.75,88.01,87.79,26.41,65.48,57.2,47.3,17.22,40.3,61.82,68.08,40.17,39.58,87.9,69.05,4.93,47.52
41,IND41,India,Africa,0.911,55.6,13.0,41222,31.09,84.28,85.82,68.49,97.25,22.8,30.05,74.37,77.4,32.09,72.88,60.5,8.93,44.17,91.34,40.72,48.45,51.65,37.39,5.62,79.15,6.56,70.96,40.34,78.05,52.43,56.87,17.37,87.52,20.07,5.76,3.31,5.06,36.04,19.91,36.84,46.42,39.69,92.31,68.12,24.19,48.88,44.61,96.05,47.46,55.13,34.42,83.77,25.87,83.09,9.04,2.75,4.97,85.38,77.98,21.43,22.14,22.51,20.67,65.16,51.33,86.46,96.71,68.22,47.41,13.23,17.32,80.09,22.38,60.83,94.3,71.27,70.94,27.54
42,USA42,USA,Americas,0.885,68.8,6.4,41102,67.72,82.43,39.72,10.23,51.15,66.24,84.33,37.42,64.73,60.91,29.85,10.81,6.38,98.84,64.06,86.15,26.11,71.11,89.24,29.88,14.99,76.55,89.97,80.54,80.24,60.0,66.05,68.08,72.13,65.54,99.75,25.94,41.86,38.83,3.53,70.81,57.2,18.99,72.65,22.24,53.46,78.49,90.65,67.19,50.73,84.54,84.06,87.65,18.11,9.76,12.79,25.87,80.83,76.29,18.31,67.97,33.56,8.93,35.53,74.42,30.71,78.81,33.13,26.06,29.41,85.12,47.05,86.64,58.36,94.43,7.12,88.94,50.05,86.75
43,CHI43,China,Americas,0.702,67.4,13.6,21262,13.74,20.03,40.92,56.94,90.66,45.76,31.64,71.57,77.89,48.76,63.1,17.68,63.45,0.47,27.35,76.12,16.86,76.45,48.96,76.36,8.8,61.45,63.35,40.34,96.53,38.33,3.77,19.94,37.31,1.41,32.22,83.32,19.06,67.67,62.67,24.88,69.35,34.43,12.89,38.36,58.87,16.7,82.38,29.82,29.08,72.78,59.64,33.78,88.8,99.55,34.27,90.14,35.93,18.84,94.81,91.82,40.34,22.84,72.72,13.12,73.41,58.97,16.9,36.66,65.05,3.74,87.65,25.58,53.47,4.86,99.47,66.2,65.36,1.97
44,JAP44,Japan,Asia,0.638,66.4,10.0,63680,70.19,20.55,68.57,0.93,42.09,10.1,52.03,62.28,70.07,41.88,89.86,51.16,61.77,28.27,78.48,49.77,60.9,77.8,83.15,97.31,35.79,40.98,16.04,54.81,91.04,68.82,48.07,23.45,1.27,8.9,11.04,57.42,49.41,94.94,77.95,7.5,72.36,90.48,64.43,45.68,97.73,26.41,5.01,81.32,87.41,85.22,36.02,67.68,42.6,11.59,85.12,89.03,0.97,13.84,64.72,32.87,89.45,95.51,26.83,73.31,37.26,34.27,11.38,40.03,45.65,83.57,68.99,47.82,42.17,88.61,16.68,13.25,72.64,98.16
45,GER45,Germany,Europe,0.459,82.3,9.3,76072,67.84,18.13,37.98,35.86,2.88,68.45,83.85,97.34,13.07,92.04,11.29,41.13,4.6,26.16,31.42,70.46,67.79,76.75,57.66,56.5,97.79,66.98,33.83,52.31,70.06,9.52,66.17,24.86,34.57,67.63,38.49,83.9,55.83,98.78,5.46,64.34,15.69,84.88,85.19,86.94,7.49,49.16,24.09,97.01,5.04,22.27,64.33,40.33,23.5,45.91,80.13,44.81,85.66,44.71,11.87,49.74,65.34,10.26,41.23,55.71,0.02,9.09,60.42,61.91,30.46,50.83,20.69,67.15,95.04,36.33,5.43,22.29,45.45,56.02
46,FRA46,France,Oceania,0.742,76.5,8.0,60814,11.4,75.93,22.17,34.14,82.99,96.44,29.2,52.2,70.21,4.58,16.42,14.04,71.69,72.16,10.7,61.09,18.75,93.02,39.29,45.7,78.14,71.68,10.78,41.45,92.66,83.75,58.88,77.21,45.05,65.85,95.62,13.46,49.88,53.04,4.86,93.53,83.88,48.29,50.83,92.12,17.72,57.86,73.05,12.84,38.74,60.05,88.27,50.41,38.47,97.95,91.59,76.24,27.36,96.36,97.05,45.28,13.34,41.27,70.0,74.84,29.89,70.15,86.07,71.19,93.55,63.26,20.09,62.42,29.06,34.53,67.24,98.13,65.01,95.83
47,BRA47,Brazil,Oceania,0.709,74.1,11.8,47668,56.23,58.28,94.27,71.01,67.42,89.39,53.39,87.75,42.24,1.28,10.65,38.09,5.31,5.66,26.7,78.55,98.35,68.34,14.64,6.2,78.44,20.4,54.12,35.87,45.26,61.61,67.55,56.19,22.43,64.71,38.89,51.09,79.68,69.61,69.29,4.7,38.16,41.66,78.81,68.51,96.58,5.38,74.37,20.31,86.88,86.04,44.31,22.55,63.38,70.95,36.77,58.84,73.85,19.65,72.49,19.35,44.88,98.35,7.45,96.25,73.51,11.94,4.06,27.91,26.42,16.09,84.6,0.56,46.63,93.75,3.99,92.86,59.69,77.37
48,CAN48,Canada,Oceania,0.881,64.0,12.7,73610,35.81,78.4,31.79,22.0,18.39,6.82,50.51,41.59,53.7,9.19,22.12,21.34,33.19,36.08,21.84,75.27,53.05,99.66,82.37,98.11,0.88,66.89,44.57,90.45,61.37,62.11,95.89,68.26,32.09,91.59,94.5,38.59,54.02,28.28,91.13,82.21,37.5,80.28,44.56,4.39,89.83,19.25,51.39,94.82,16.74,95.63,53.8,0.73,6.55,67.03,77.36,86.5,42.42,10.39,53.78,70.27,97.62,77.52,64.66,93.98,74.69,15.38,45.92,33.17,8.75,5.43,79.42,55.81,57.5,22.76,25.86,38.8,63.02,43.3
49,AUS49,Australia,Asia,0.622,58.5,4.1,9788,75.6,58.56,70.09,7.26,92.8,10.61,78.69,30.14,8.65,76.53,43.77,39.51,66.07,47.4,53.35,13.64,39.1,79.75,54.57,96.01,14.41,67.73,91.42,79.5,72.93,37.31,94.95,55.35,55.51,12.32,0.5,59.67,53.72,94.7,30.47,74.83,90.35,34.39,41.27,64.59,51.26,16.1,22.08,83.47,19.43,18.14,79.97,85.23,85.14,93.24,99.43,46.13,54.97,29.07,6.74,9.82,72.56,48.72,33.09,12.82,65.55,10.0,61.95,90.01,31.78,45.06,61.63,30.57,58.42,56.56,36.45,31.63,42.83,0.48
50,UNI50,United Kingdom,Europe,0.848,76.4,11.0,37764,84.01,13.43,73.3,87.79,46.28,35.87,30.55,55.17,17.58,60.66,84.18,85.87,14.0,53.86,26.32,88.63,7.65,7.54,1.86,50.72,3.12,58.19,40.51,59.0,90.63,55.16,54.35,99.87,47.21,77.52,36.58,22.33,77.21,73.32,29.1,46.47,51.04,39.68,50.22,66.27,84.8,80.65,61.4,16.58,51.41,44.62,17.91,94.87,65.94,96.77,73.59,48.35,35.88,21.88,48.76,6.29,36.94,4.28,20.68,90.77,36.13,46.97,45.46,4.64,98.06,32.41,70.37,52.14,82.96,83.49,26.33,54.44,17.38,65.37
51,SOU51,South Africa,Africa,0.735,81.9,4.9,34475,37.63,90.72,51.64,35.29,86.77,48.69,48.21,60.42,50.18,13.9,16.56,7.71,64.35,21.15,18.69,36.22,71.73,11.83,23.03,81.12,72.03,48.15,47.88,21.07,16.12,83.34,2.24,4.31,57.35,16.11,62.95,3.92,57.23,5.59,25.83,18.0,95.82,59.94,56.36,1.86,71.95,66.17,28.35,8.57,44.92,99.28,86.73,17.06,83.04,60.08,79.46,82.05,18.19,65.96,26.45,72.42,34.27,45.35,59.06,22.98,38.55,10.86,20.23,85.96,50.44,41.98,14.96,9.63,47.59,61.47,3.9,78.39,50.33,11.75
52,MEX52,Mexico,Americas,0.776,82.1,9.9,1657,89.7,77.49,64.92,52.2,37.04,4.34,52.98,22.95,80.23,78.96,38.12,58.9,74.14,76.15,69.67,9.77,13.39,47.71,23.25,85.91,28.33,87.68,40.86,18.9,70.91,78.94,57.8,11.78,0.72,65.45,68.78,31.59,36.23,15.48,65.16,25.36,85.5,42.36,36.56,27.56,68.06,75.5,41.32,78.38,48.25,37.02,55.49,25.38,30.67,34.44,70.55,73.58,85.5,65.93,74.78,44.66,69.93,16.18,21.45,40.06,33.84,55.06,69.71,70.68,16.07,96.46,0.53,9.11,14.53,92.59,43.54,6.41,22.18,8.0
53,IND53,Indonesia,Asia,0.813,82.9,8.4,69789,28.65,96.35,5.75,77.36,17.53,49.44,1.07,85.06,93.08,51.82,19.47,78.4,51.05,69.84,61.52,67.4,35.97,65.5,97.56,8.68,27.59,39.94,66.97,40.55,20.03,1.54,70.36,91.92,54.96,72.61,55.91,58.29,34.75,81.55,22.63,96.31,45.48,40.4,0.47,17.5,50.62,55.86,50.32,34.0,11.7,51.33,25.77,53.79,79.34,25.01,44.28,37.71,48.36,24.33,33.97,77.56,68.16,89.65,86.2,48.2,25.78,38.27,78.87,22.04,70.12,80.02,41.24,35.31,53.57,70.08,26.33,28.73,39.89,74.88
54,ITA54,Italy,Africa,0.443,82.9,9.2,47838,21.86,57.37,18.28,74.62,93.03,19.02,73.71,23.49,24.21,26.54,22.92,83.49,83.63,35.6,77.89,11.99,7.85,95.58,49.27,0.66,85.71,95.8,84.8,37.12,31.54,89.81,88.1,57.45,27.47,18.29,76.43,51.11,39.79,75.02,12.82,52.57,42.32,93.97,3.26,34.73,86.04,77.59,45.72,12.04,51.82,31.57,0.84,67.41,37.94,10.07,36.16,86.18,18.72,26.28,26.94,95.85,34.31,18.39,42.39,41.91,75.22,36.51,40.06,45.07,57.14,97.93,68.6,81.42,72.08,80.41,55.53,85.63,19.61,80.0
55,SPA55,Spain,Europe,0.67,55.3,8.6,19125,99.56,84.94,51.7,72.06,78.53,30.0,56.21,56.78,39.84,69.05,6.0,81.38,47.65,62.99,44.99,33.47,36.1,56.04,93.18,25.77,1.98,12.12,86.74,96.31,19.9,57.59,64.91,17.45,78.03,35.51,67.32,48.75,73.65,88.96,38.11,28.65,63.17,14.48,16.76,80.77,33.74,63.13,57.16,84.89,7.13,16.2,22.82,31.69,29.14,26.75,64.46,27.12,44.49,86.28,36.32,58.69,96.55,41.4,18.39,2.31,72.78,66.2,94.04,70.07,8.01,16.69,10.3,6.38,87.87,54.84,2.64,39.7,76.5,8.33
56,RUS56,Russia,Africa,0.752,57.5,14.2,52597,30.94,24.74,28.42,62.65,13.13,83.85,2.86,66.35,86.04,32.52,47.62,97.5,54.06,27.24,44.48,96.95,69.76,17.7,59.76,63.1,63.59,56.4,52.35,63.95,30.97,34.72,53.97,80.47,44.19,36.58,25.98,30.36,0.01,81.54,84.79,34.39,46.92,0.83,92.21,94.7,47.71,0.91,43.04,29.29,23.12,0.72,37.36,41.17,56.06,39.48,16.33,73.71,38.97,37.84,26.3,42.22,23.96,76.45,91.0,80.76,68.46,28.47,74.29,80.88,41.29,85.35,18.24,28.96,63.69,61.77,27.21,62.28,18.78,1.94
57,ARG57,Argentina,Asia,0.953,55.7,14.7,38477,26.92,71.52,72.71,23.28,15.07,49.36,34.19,31.16,79.95,99.8,46.37,79.14,33.02,84.35,95.16,5.6,77.57,7.14,47.01,19.22,84.15,81.73,82.83,12.2,76.81,24.9,77.12,44.3,73.76,3.35,46.08,77.1,52.11,98.21,47.28,68.14,31.21,32.31,62.92,4.22,93.74,52.09,25.33,63.85,19.87,88.75,86.37,21.78,11.29,63.29,32.45,16.74,27.61,11.96,78.91,0.89,4.2,78.35,47.53,59.62,37.14,8.95,15.77,9.14,61.86,93.08,99.7,62.51,5.98,64.46,70.13,79.15,12.58,23.27
58,NIG58,Nigeria,Oceania,0.849,77.7,12.9,59003,73.32,2.14,37.78,72.44,25.07,3.95,70.66,55.9,54.27,49.01,56.67,54.36,32.37,46.84,86.77,59.87,86.06,16.03,53.11,44.94,81.94,54.16,45.41,77.59,50.6,73.37,88.29,61.97,36.41,62.02,32.07,6.33,96.72,81.9,18.99,68.32,76.57,15.41,28.31,40.98,32.2,9.63,65.89,4.38,93.78,17.86,3.13,10.71,19.16,3.18,64.18,38.86,48.99,62.4,59.03,4.91,22.07,71.78,1.31,92.1,65.57,92.84,83.21,46.81,63.89,36.09,74.35,89.04,82.2,79.42,5.83,61.69,52.9,73.43
59,NEP59,Nepal,Africa,0.444,61.5,9.7,14767,72.52,53.17,18.95,52.62,24.88,62.53,17.89,74.92,41.52,10.55,63.86,35.8,45.87,66.52,88.28,16.68,18.04,40.16,33.75,15.82,99.84,44.3,35.23,31.52,99.15,32.47,37.17,76.42,43.06,72.59,60.84,56.31,21.39,76.57,92.61,25.41,96.17,44.75,39.71,72.63,98.3,59.58,51.76,99.34,30.18,30.03,22.19,85.57,2.17,82.19,68.97,27.6,55.37,55.63,92.59,15.47,3.77,35.57,13.84,36.71,58.22,23.3,81.11,9.19,39.98,91.79,73.43,72.36,79.29,17.29,82.57,68.96,57.62,90.77
60,SRI60,Sri Lanka,Oceania,0.766,56.1,12.9,51510,7.85,5.59,77.09,34.79,81.71,41.65,86.78,86.98,22.67,65.28,60.23,1.14,77.74,38.25,30.48,4.12,53.99,14.96,50.24,22.08,5.05,73.16,39.29,44.56,59.51,50.47,22.21,28.98,39.43,13.22,8.25,57.14,4.93,39.92,8.51,50.18,77.38,13.04,13.49,55.93,48.79,65.22,19.61,61.6,73.57,24.62,7.16,77.68,32.34,92.41,8.96,67.17,42.35,34.83,32.07,59.39,2.42,30.48,98.77,61.62,99.02,44.22,14.58,4.49,81.82,19.97,37.38,75.77,85.28,11.24,5.45,94.89,92.67,86.88
61,IND61,India,Africa,0.408,75.8,5.2,60490,47.12,33.19,74.0,21.19,54.64,75.04,54.88,62.3,99.23,69.51,66.83,37.66,90.6,52.68,25.55,6.01,20.07,69.65,27.13,46.5,94.52,6.66,66.04,66.3,91.29,36.02,10.79,29.25,88.34,38.65,97.98,50.85,70.97,90.39,48.47,59.71,8.8,19.89,96.68,56.07,71.25,3.98,92.23,30.49,48.99,74.44,1.84,68.43,35.54,30.23,99.6,97.86,27.59,6.2,25.77,38.72,100.0,99.04,94.41,94.91,22.56,34.18,39.28,13.73,72.99,52.07,67.8,87.27,68.65,41.73,57.29,42.65,31.24,60.54
62,USA62,USA,Americas,0.709,61.2,5.5,72456,68.4,20.23,13.81,68.85,89.86,90.96,43.01,90.9,77.0,65.62,56.48,15.8,6.78,53.3,71.94,18.41,83.95,14.55,2.95,31.87,97.29,96.12,30.33,74.56,82.17,63.68,73.83,15.2,18.79,13.15,2.62,98.6,61.69,60.56,61.24,59.64,23.09,2.61,7.95,77.98,13.41,84.61,46.88,64.96,18.4,38.75,47.38,16.38,22.63,40.86,96.88,92.54,95.02,22.26,67.13,20.28,20.46,17.71,95.47,43.93,61.71,68.79,86.68,88.76,42.76,77.62,60.79,82.43,72.02,39.42,93.91,57.19,53.62,64.14
63,CHI63,China,Asia,0.697,68.5,13.1,7059,87.78,24.57,53.79,98.38,3.93,38.74,76.52,96.26,18.99,43.96,88.44,77.37,28.59,16.65,29.44,91.9,69.0,90.37,46.36,64.61,9.04,50.07,17.98,58.54,89.43,54.64,39.31,32.35,2.49,45.37,89.66,89.58,88.25,9.02,32.41,64.86,71.15,16.4,73.33,9.12,70.62,63.41,8.53,70.73,72.69,97.52,61.21,15.99,55.03,4.39,17.09,33.52,87.13,86.27,16.21,14.46,76.92,5.13,30.81,73.02,96.1,28.88,18.07,89.85,96.04,0.35,76.54,1.22,49.76,49.86,80.75,60.8,49.35,21.69
64,JAP64,Japan,Americas,0.659,68.3,10.6,2361,24.47,54.73,61.98,55.75,82.53,4.89,14.83,65.33,3.67,85.38,66.7,83.8,29.84,92.04,4.9,41.7,17.82,67.21,61.11,69.15,59.5,78.73,17.74,45.53,57.9,93.15,9.31,29.93,36.86,37.89,6.77,42.73,55.05,29.28,13.45,69.46,27.44,52.71,52.46,69.58,61.21,10.93,72.97,62.9,98.72,48.37,68.87,93.39,98.63,28.72,60.88,31.65,52.54,99.5,35.39,12.97,56.26,51.97,63.19,49.25,17.99,60.94,70.86,97.93,0.16,2.4,62.55,11.79,84.81,79.96,99.9,41.4,33.38,56.04
65,GER65,Germany,Europe,0.406,61.0,7.1,10391,30.78,50.67,32.39,0.61,68.58,34.14,72.44,61.6,2.91,17.56,33.05,33.79,67.25,91.62,79.73,64.57,48.15,62.72,89.21,53.7,33.51,78.4,41.4,74.26,83.51,29.93,72.5,31.55,53.59,20.83,68.55,79.95,88.8,35.36,96.96,28.05,3.12,98.36,62.65,84.24,57.1,38.96,59.52,86.46,75.15,70.53,31.45,3.16,41.39,49.71,23.76,45.19,95.07,21.61,30.23,11.22,78.49,77.78,91.34,44.38,2.49,48.27,50.01,19.02,92.36,73.24,52.36,77.55,14.33,87.18,82.21,93.8,67.67,13.27
66,FRA66,France,Asia,0.662,76.4,9.7,2038,31.1,4.4,84.81,87.19,33.33,88.92,10.31,76.62,74.56,2.25,75.85,63.89,20.98,20.06,28.66,53.23,77.28,67.11,27.27,15.75,11.45,95.83,55.96,10.24,54.25,54.94,27.11,94.33,80.4,57.41,17.13,31.14,89.22,54.06,5.07,2.9,90.33,5.05,38.36,8.61,39.19,70.47,89.13,62.95,69.01,44.58,35.56,33.23,19.81,75.84,80.93,7.85,92.28,76.44,56.78,9.29,80.24,69.86,9.73,31.04,64.44,76.65,47.05,94.74,14.37,89.57,25.81,36.34,18.34,91.73,33.03,86.08,32.48,48.75
67,BRA67,Brazil,Asia,0.671,65.5,9.1,23887,28.23,34.86,57.47,50.79,40.57,71.43,10.7,55.61,7.09,30.21,46.1,59.05,23.86,24.37,15.9,48.24,6.61,20.82,69.41,43.11,98.02,56.72,34.22,69.41,17.31,66.96,73.94,71.19,83.67,11.43,59.61,32.54,9.77,44.52,30.8,40.58,59.83,68.55,59.64,81.99,32.74,64.5,6.15,21.76,13.89,58.08,75.5,80.98,75.71,66.09,45.3,29.15,61.56,44.72,20.57,87.74,29.97,79.43,67.96,91.85,93.67,71.78,91.51,99.03,58.27,61.15,51.04,84.76,85.25,6.24,90.11,96.79,0.08,56.0
68,CAN68,Canada,Africa,0.463,63.5,4.3,58085,70.22,39.43,31.81,38.28,38.16,54.51,66.25,47.49,18.82,38.46,92.45,84.0,15.43,99.75,67.01,13.43,7.17,1.57,72.13,48.67,43.67,99.02,8.47,64.22,41.59,45.6,78.89,60.44,42.57,17.98,50.94,55.21,45.0,35.53,18.58,60.46,57.79,84.68,23.67,50.17,41.08,54.62,36.7,97.82,56.81,70.49,11.32,48.15,69.05,14.21,73.13,98.36,98.37,77.89,46.49,7.82,88.99,8.84,47.25,74.17,96.04,7.81,63.37,79.81,31.25,5.28,34.35,77.85,46.89,51.27,46.92,73.38,42.1,96.06
69,AUS69,Australia,Africa,0.565,56.1,14.2,41355,72.7,56.37,6.14,47.32,16.91,5.16,99.04,80.89,62.43,28.68,8.25,50.56,85.14,27.78,13.25,28.1,85.79,1.42,11.15,17.46,59.18,15.11,44.67,80.78,26.13,70.08,48.49,79.94,86.2,34.28,8.44,14.51,93.39,15.42,49.59,99.36,77.04,23.79,44.02,63.76,21.09,73.44,34.51,64.23,75.55,11.6,16.76,39.87,30.14,74.62,75.24,53.25,37.98,70.56,47.46,14.51,87.03,1.19,92.72,44.88,67.85,96.18,68.29,4.1,91.77,63.74,95.62,43.18,91.8,85.84,33.5,26.71,9.83,65.43
70,UNI70,United Kingdom,Americas,0.663,75.3,6.7,78665,77.05,52.0,67.77,99.32,31.33,1.06,0.85,6.8,41.12,52.53,68.55,35.15,72.53,25.19,3.4,61.94,5.69,59.41,89.4,21.68,59.94,12.18,95.78,8.64,60.47,37.6,76.39,64.79,80.32,18.48,11.08,18.43,29.46,66.05,7.57,45.34,99.52,76.94,69.22,66.76,77.01,25.73,78.07,27.73,6.24,38.86,99.6,25.82,81.28,17.79,6.94,97.94,20.07,39.26,64.55,10.84,54.06,43.13,61.4,10.62,44.16,25.9,3.49,7.04,72.75,77.72,1.88,49.77,65.29,0.09,3.78,39.05,15.16,32.98
71,SOU71,South Africa,Americas,0.728,70.5,14.3,65814,47.81,40.39,72.78,81.23,7.01,22.58,38.44,68.93,77.98,12.12,53.53,99.16,33.34,30.28,5.52,99.7,64.71,36.54,85.33,34.01,84.12,76.05,29.0,20.31,55.45,96.75,66.07,29.89,39.01,10.68,68.88,48.65,88.52,43.8,18.95,3.57,2.54,99.64,23.85,38.88,79.27,64.34,49.97,96.5,81.18,96.66,1.64,33.93,33.77,72.1,40.55,21.17,65.38,52.31,94.01,87.02,53.66,74.11,23.3,7.2,73.55,48.89,1.91,90.72,61.84,24.27,64.88,1.44,63.27,90.47,82.07,9.73,61.12,83.54
72,MEX72,Mexico,Asia,0.866,58.2,9.5,30410,6.31,20.26,33.73,83.59,73.79,40.2,12.08,68.41,54.59,32.16,96.47,21.32,4.56,17.34,6.32,27.39,75.76,16.81,36.99,16.5,24.36,58.2,13.34,79.11,63.22,37.61,15.78,87.96,8.07,0.72,92.61,70.67,59.37,28.37,69.35,79.22,47.6,12.69,14.31,27.09,45.04,23.93,17.45,69.17,59.63,71.72,61.2,8.8,82.65,30.12,41.88,55.77,19.19,98.66,97.68,61.89,86.27,98.68,50.75,46.42,62.65,20.81,5.31,11.27,14.92,84.38,91.15,49.75,15.98,92.27,5.4,36.42,20.96,25.14
73,IND73,Indonesia,Oceania,0.859,77.8,4.5,8375,92.49,17.59,78.55,48.51,11.61,89.51,72.14,59.27,32.6,19.88,67.69,32.57,77.9,32.61,9.81,73.77,86.99,37.55,22.07,47.1,48.44,89.05,14.49,92.79,45.5,38.73,13.64,71.98,63.2,97.56,20.22,12.72,69.22,5.97,13.65,85.17,45.86,17.12,34.36,88.64,60.36,78.95,63.8,61.15,16.99,97.01,85.5,8.65,85.7,48.92,99.57,59.16,83.7,27.92,73.0,73.62,24.67,32.73,57.95,89.18,59.18,14.9,57.37,0.51,98.02,4.01,47.07,76.86,3.36,53.11,47.93,79.8,82.13,45.24
74,ITA74,Italy,Europe,0.447,77.6,11.6,54796,94.99,13.27,29.58,64.76,9.07,47.98,30.48,70.33,85.79,74.73,2.44,45.48,77.18,87.42,40.54,78.99,37.04,46.43,63.34,86.04,7.07,89.34,33.29,3.27,42.59,26.98,94.61,54.24,79.45,78.77,8.1,88.08,73.58,5.48,94.53,67.47,88.8,11.1,36.56,61.91,36.56,17.53,55.88,6.7,70.93,20.47,98.13,23.86,11.36,47.85,93.91,58.01,95.91,20.98,74.5,22.54,35.27,26.74,68.02,27.71,6.34,34.52,48.62,52.67,12.27,70.98,67.83,53.29,29.23,62.1,79.99,94.54,80.88,94.09
75,SPA75,Spain,Asia,0.507,81.5,5.0,52707,89.79,28.84,95.66,10.94,27.59,69.71,49.63,87.5,52.07,62.73,29.32,96.96,54.14,13.2,34.67,44.39,64.47,29.15,6.29,87.18,23.23,94.74,64.47,41.17,34.28,64.61,32.63,59.34,69.69,84.19,44.53,30.41,13.2,78.93,17.17,26.0,48.42,97.07,76.97,4.73,35.31,45.59,16.64,92.41,71.18,28.52,97.32,83.93,69.29,66.64,15.35,23.79,4.12,31.66,12.65,26.04,18.45,56.25,3.47,31.69,34.38,37.29,53.99,16.26,30.16,92.04,40.46,49.94,14.54,45.8,32.02,0.43,73.85,97.56
76,RUS76,Russia,Africa,0.769,63.9,13.9,76699,66.69,79.96,72.85,92.23,33.87,11.23,47.9,4.01,67.8,11.69,2.48,61.75,22.04,35.74,32.64,60.82,19.51,52.64,78.13,76.71,19.57,8.36,84.95,67.71,95.76,97.58,39.44,49.05,60.32,51.16,5.6,66.68,39.76,71.6,42.76,38.61,1.22,34.49,30.81,44.56,56.1,21.57,88.78,74.15,41.56,44.25,16.38,72.8,89.77,72.86,41.42,83.55,59.79,14.36,30.32,98.84,52.53,33.54,93.32,59.07,37.58,0.66,63.88,27.33,17.49,46.21,56.79,91.49,19.93,83.23,28.95,49.06,82.28,30.2
77,ARG77,Argentina,Oceania,0.573,71.8,9.1,5017,79.12,15.4,30.02,64.06,63.66,12.42,66.59,28.77,17.94,90.68,64.48,2.84,76.47,49.31,97.06,59.89,36.18,48.05,43.61,25.79,68.59,97.43,81.83,37.32,73.3,1.75,25.95,58.17,14.61,46.1,69.33,35.74,5.29,36.12,63.62,95.52,4.87,29.17,63.89,7.68,19.38,62.8,76.47,59.88,16.71,32.26,31.62,84.5,79.99,27.15,69.8,36.25,53.44,35.16,14.37,13.69,28.14,77.88,41.2,92.09,16.3,21.79,50.34,83.16,79.51,55.87,68.97,95.25,84.61,71.25,70.23,80.26,41.73,91.6
78,NIG78,Nigeria,Asia,0.867,82.7,9.3,42338,69.11,13.9,44.19,98.76,52.31,97.01,17.22,30.47,74.45,11.86,12.87,69.42,68.8,30.74,20.98,98.11,42.48,76.3,11.17,1.88,48.43,43.12,19.64,3.28,65.98,59.32,46.91,90.85,4.33,30.16,1.03,9.65,12.38,60.18,58.76,20.0,67.06,2.93,14.56,74.62,27.74,57.98,35.22,85.51,78.08,61.3,50.49,6.83,81.96,76.32,52.88,71.58,96.43,17.18,75.4,0.43,72.53,92.42,92.05,85.13,47.47,69.81,18.51,67.35,10.73,83.47,98.13,42.41,51.43,40.76,76.14,31.43,46.59,51.97
79,NEP79,Nepal,Americas,0.834,76.1,10.1,6822,8.22,49.37,38.48,45.69,73.62,68.7,84.11,22.59,40.73,98.5,42.8,85.68,89.48,80.24,93.91,36.74,1.28,67.42,67.21,39.64,52.27,67.65,11.92,39.48,69.5,97.76,74.14,89.24,16.87,36.37,19.91,20.03,84.4,40.43,23.29,42.47,49.91,76.48,76.6,59.36,75.63,80.1,94.32,35.61,66.67,95.01,98.75,51.14,14.74,45.46,12.22,48.93,23.08,94.24,2.97,73.78,83.03,49.81,2.67,17.91,60.46,32.7,30.28,62.32,76.02,66.11,51.99,49.22,46.6,29.36,49.79,50.48,54.24,80.95
80,SRI80,Sri Lanka,Oceania,0.712,83.6,4.3,57914,88.01,11.91,45.01,85.29,44.26,3.6,17.69,65.94,77.94,88.47,16.41,43.07,31.25,38.91,76.4,56.89,49.06,55.38,53.94,46.98,56.23,15.63,5.57,26.34,59.1,37.78,67.65,76.65,28.44,6.14,59.05,12.82,36.64,80.96,58.4,76.52,62.52,38.06,42.81,99.19,41.19,5.64,24.42,23.46,31.21,8.49,68.8,86.89,11.45,16.98,53.84,3.74,65.78,42.25,51.48,42.12,2.04,46.97,2.22,31.65,57.04,32.24,9.77,48.84,69.09,20.59,49.67,81.15,66.74,16.66,29.95,96.94,20.18,63.54
81,IND81,India,Asia,0.879,71.1,7.2,7730,29.73,57.35,80.46,62.46,95.79,71.77,57.82,59.19,27.34,56.64,53.11,42.71,34.73,7.67,82.37,50.46,29.99,66.35,31.34,41.43,25.13,51.54,67.16,54.76,88.09,62.78,51.62,18.65,49.92,66.08,82.39,93.81,26.79,63.79,80.89,85.28,90.68,93.46,72.66,5.99,20.06,46.25,24.04,74.64,76.55,84.41,41.03,86.02,91.11,63.39,84.6,26.69,28.7,16.06,68.69,23.61,23.85,15.0,2.77,79.7,31.05,48.54,99.13,42.2,90.57,20.2,27.27,2.91,78.97,27.78,55.07,64.43,4.22,72.25
82,USA82,USA,Asia,0.432,81.9,7.5,40556,86.72,90.06,40.7,36.34,65.74,9.03,94.32,72.42,14.06,11.19,73.45,93.29,52.2,82.9,94.97,93.16,25.18,88.46,23.81,12.23,80.67,32.93,58.43,39.0,74.84,23.59,42.29,14.43,17.52,96.99,43.95,25.43,58.95,49.04,37.47,94.87,31.65,42.38,68.27,96.33,87.94,93.7,36.3,71.57,82.14,2.11,96.68,60.58,84.15,66.22,94.08,69.07,78.88,23.97,55.27,30.93,95.85,36.29,81.23,12.21,86.7,85.76,38.85,90.98,39.3,97.8,25.55,9.03,82.27,23.55,21.04,89.02,91.59,63.14
83,CHI83,China,Americas,0.85,63.2,4.9,65947,47.11,41.3,84.12,71.74,87.68,82.02,82.44,69.85,50.63,35.19,60.21,81.34,73.78,45.33,2.74,5.21,64.16,63.02,79.1,13.61,40.07,62.83,31.37,8.22,15.78,51.64,96.97,83.06,76.32,84.7,68.58,79.26,31.94,47.84,73.52,26.07,68.75,82.68,79.95,19.87,41.45,18.19,87.64,94.48,88.43,22.45,94.81,92.31,64.71,62.66,90.68,97.41,19.83,70.13,16.88,40.1,42.89,26.02,8.91,36.79,94.72,11.74,71.86,43.52,92.0,45.37,67.36,11.85,71.36,19.05,86.19,78.21,28.8,49.42
84,JAP84,Japan,Europe,0.646,61.2,6.4,38589,72.67,18.94,18.04,79.25,2.88,97.61,23.55,45.1,24.83,58.29,64.72,8.57,46.89,87.14,97.44,39.76,21.22,38.35,42.33,59.72,7.31,55.7,5.21,93.11,47.09,35.43,60.64,67.08,80.22,70.96,80.99,0.54,50.45,38.09,97.75,67.13,13.22,89.22,4.11,17.94,16.99,49.28,33.92,46.81,8.96,71.03,43.29,26.04,31.33,97.85,49.92,97.34,28.1,36.06,43.01,90.28,26.32,82.96,92.67,51.7,43.58,16.5,73.69,49.13,95.01,55.57,92.29,63.67,44.0,18.89,5.46,18.31,47.02,16.36
85,GER85,Germany,Americas,0.649,84.9,14.2,6846,44.15,98.88,56.09,45.78,11.25,71.98,14.81,34.96,20.37,28.41,83.5,74.99,82.26,56.32,66.31,21.24,99.8,0.41,76.68,18.06,92.04,24.62,49.81,9.43,32.87,28.43,98.13,12.2,37.36,92.91,10.61,32.35,2.89,46.02,70.77,47.99,62.84,26.93,65.8,32.94,4.38,62.24,45.31,94.74,99.98,90.69,79.7,12.93,86.33,80.16,28.3,79.81,74.38,54.72,60.23,9.26,25.52,24.01,77.09,39.89,2.05,20.82,38.85,40.24,64.72,95.44,15.41,29.85,80.11,73.59,92.17,90.37,60.35,35.9
86,FRA86,France,Asia,0.874,70.4,9.4,52367,47.64,56.31,42.31,75.65,81.1,61.39,43.41,42.6,4.04,34.17,46.35,22.42,68.62,15.51,49.53,62.96,52.47,29.07,43.74,90.72,47.76,14.86,12.78,90.29,84.15,52.31,29.55,4.77,7.65,4.51,10.76,42.49,9.45,66.09,56.85,25.34,25.49,8.18,50.34,11.39,66.16,17.96,18.22,39.3,8.33,87.68,29.76,58.72,45.5,67.03,62.38,26.51,96.67,87.13,18.72,18.51,74.7,60.41,87.16,10.63,53.44,0.58,11.67,17.17,47.71,69.18,86.88,96.58,60.19,48.67,61.85,97.39,36.07,67.38
87,BRA87,Brazil,Americas,0.859,57.6,5.5,26508,11.19,1.59,97.05,85.9,20.92,64.86,64.97,43.58,62.61,79.0,19.09,30.09,46.34,47.4,2.18,16.61,15.24,70.26,96.39,47.15,85.98,58.52,20.13,56.94,83.38,5.09,0.79,63.04,71.31,97.95,84.86,73.71,59.58,55.43,29.08,48.75,48.61,59.1,61.15,67.87,81.67,48.79,71.43,52.83,42.2,31.59,6.35,89.29,41.71,47.33,49.48,93.9,34.68,69.75,2.08,28.8,19.22,34.38,23.21,21.97,90.91,33.92,60.21,84.25,65.7,13.12,29.34,71.14,95.98,83.31,67.31,73.46,79.6,79.98
88,CAN88,Canada,Europe,0.754,63.5,12.2,64793,12.91,19.95,60.57,10.09,41.6,99.38,30.37,20.94,4.7,1.81,88.09,35.7,15.86,82.79,89.45,3.2,6.37,43.06,61.76,12.07,22.41,25.78,34.03,35.52,4.67,87.77,26.75,15.12,69.01,51.54,66.95,70.64,92.66,43.78,45.71,84.16,11.09,10.59,61.06,78.22,94.74,82.36,4.2,10.54,62.99,87.09,91.1,15.7,29.21,44.15,50.59,73.26,9.93,64.71,33.46,13.78,84.86,43.91,41.57,76.9,24.53,80.91,34.13,50.5,8.52,37.24,75.48,36.06,66.5,15.16,75.35,42.17,22.82,80.18
89,AUS89,Australia,Americas,0.923,81.9,14.5,69153,79.46,36.18,2.98,14.56,0.99,80.62,94.36,8.48,31.48,98.19,16.43,6.15,75.92,66.02,64.15,90.25,5.78,63.16,71.34,66.04,51.98,29.57,40.2,68.09,55.36,30.43,74.27,90.92,0.79,27.98,52.78,92.05,70.03,44.62,20.51,54.44,78.83,65.2,69.75,88.77,78.16,40.45,19.73,30.15,3.7,33.45,72.51,74.01,12.6,99.19,28.39,9.28,55.18,52.13,75.7,16.0,2.79,79.66,59.25,24.13,77.42,72.65,98.7,11.04,5.99,37.3,62.7,35.45,4.77,65.1,12.47,29.8,73.69,45.31
90,UNI90,United Kingdom,Europe,0.859,84.7,10.2,71399,84.45,23.38,29.92,66.69,81.51,57.28,14.0,37.77,73.75,10.52,51.65,19.26,77.85,45.43,14.66,42.57,41.21,9.22,42.49,13.01,21.48,7.81,67.68,40.28,55.9,77.88,87.2,58.43,63.65,99.65,68.9,94.78,73.17,41.69,16.28,50.58,48.48,45.77,96.8,51.32,52.91,69.45,45.54,3.26,15.68,55.9,92.17,11.88,85.23,11.03,36.96,28.96,52.28,11.77,30.49,37.45,29.4,2.8,14.29,78.38,42.18,93.68,30.52,28.35,18.31,73.97,0.21,54.75,6.76,4.47,48.12,30.97,45.24,33.78
91,SOU91,South Africa,Americas,0.671,76.6,10.7,19656,50.48,46.09,44.99,44.91,86.63,32.52,79.98,66.45,40.96,23.28,39.54,54.1,95.81,89.0,73.59,64.59,86.6,70.72,57.2,79.62,70.74,56.1,12.38,55.94,19.24,61.87,57.69,5.29,57.02,18.94,47.58,89.69,12.03,93.62,17.97,1.9,78.68,24.53,70.56,88.77,44.42,80.69,60.69,40.18,4.5,86.2,2.33,43.7,41.49,85.96,31.74,25.72,11.46,9.93,16.82,14.4,25.56,8.96,30.68,40.73,16.92,61.45,32.53,2.72,5.85,38.99,32.0,41.28,32.42,37.55,82.77,12.1,20.26,75.21
92,MEX92,Mexico,Oceania,0.535,70.3,9.5,16583,26.93,31.83,55.31,6.55,2.89,63.35,91.37,1.86,55.41,58.62,10.15,76.3,65.16,12.56,56.82,44.6,84.63,50.04,78.29,14.24,54.04,16.82,24.52,95.26,96.14,55.52,4.18,81.26,96.11,62.07,65.31,16.74,6.02,92.18,27.33,25.09,68.0,99.92,84.24,21.28,84.07,28.13,16.14,53.41,6.99,8.97,69.84,83.05,72.51,99.88,87.83,21.09,50.48,80.21,88.39,94.54,63.52,97.96,70.78,27.3,66.23,32.16,21.06,95.9,32.85,91.4,13.37,92.23,60.88,0.43,0.96,17.35,55.58,69.65
93,IND93,Indonesia,Americas,0.835,71.1,12.7,11661,53.86,89.26,81.61,44.52,12.34,97.2,37.64,60.13,38.68,83.91,81.19,98.38,12.48,37.05,19.3,0.94,74.31,75.84,68.06,70.92,19.15,81.63,62.52,80.84,22.11,98.01,96.73,3.68,49.28,70.4,60.6,0.71,98.43,63.84,11.09,27.73,50.03,17.05,19.38,73.88,67.22,60.3,17.55,58.82,74.6,12.74,93.36,85.55,88.1,72.89,27.43,84.77,2.31,96.98,67.77,61.45,68.07,88.31,0.2,42.71,67.31,65.0,85.39,32.3,84.43,40.69,12.17,51.83,49.56,51.73,4.35,72.12,4.7,91.84
94,ITA94,Italy,Oceania,0.656,55.2,6.1,12222,88.01,80.77,99.03,22.56,68.95,95.78,91.7,19.69,32.92,6.28,62.53,2.79,43.19,2.4,79.72,93.51,84.05,24.72,47.36,95.88,83.25,82.16,51.97,23.67,7.29,60.0,43.85,9.57,44.65,12.48,97.45,91.67,37.74,89.01,69.34,78.26,6.2,80.24,5.48,61.07,43.18,10.18,5.58,5.22,84.99,40.17,61.73,41.11,86.46,78.75,62.4,45.34,46.42,42.81,62.02,10.13,65.09,67.58,2.6,51.72,58.78,10.8,1.23,71.33,59.29,84.08,90.44,12.6,50.89,35.54,48.14,62.09,18.59,13.77
95,SPA95,Spain,Asia,0.434,64.4,8.8,48390,31.12,88.52,77.55,14.74,30.87,34.29,36.88,0.81,58.64,67.83,5.73,50.71,83.52,85.87,42.21,19.54,20.04,90.85,78.53,34.16,66.79,69.48,98.19,59.98,33.11,57.84,96.31,61.61,41.87,16.23,45.43,78.92,4.22,21.94,0.37,22.3,23.03,62.39,23.9,73.46,95.26,33.15,74.01,20.53,18.42,98.99,36.28,7.37,3.0,11.52,29.06,19.44,58.57,76.55,4.39,2.97,19.78,17.41,88.54,71.88,33.98,55.45,17.85,2.15,84.29,91.06,2.1,67.75,37.89,78.74,11.1,93.61,30.51,24.01
96,RUS96,Russia,Africa,0.777,83.2,14.7,58348,87.84,6.54,14.44,92.42,79.49,19.17,37.82,37.43,59.95,97.7,24.45,4.62,61.6,18.91,53.55,78.96,32.77,5.33,79.56,87.29,85.15,96.84,88.58,20.92,8.14,47.07,66.35,6.49,50.86,75.13,64.51,50.92,49.86,46.43,32.18,37.39,69.45,71.56,49.48,26.83,40.09,92.12,58.4,3.66,21.95,20.3,86.32,39.59,30.6,88.87,57.14,93.55,37.41,55.06,13.43,8.4,44.45,35.16,58.4,46.53,62.11,42.61,46.76,40.9,80.45,31.7,38.24,17.96,23.38,64.54,35.91,8.24,84.26,51.28
97,ARG97,Argentina,Asia,0.848,82.8,5.1,10851,36.02,54.6,33.38,67.51,25.0,74.52,76.85,84.54,19.06,60.4,13.79,85.5,71.62,54.31,26.11,77.01,28.18,34.66,99.68,94.58,82.19,75.78,1.19,65.41,98.93,95.15,86.55,22.76,72.33,20.99,23.37,58.7,55.26,46.87,81.44,34.07,8.59,84.58,42.88,94.19,41.77,43.87,85.29,3.01,13.9,87.38,30.56,73.78,49.98,65.88,35.47,22.55,42.57,75.26,76.28,69.05,29.96,58.7,56.76,3.22,13.91,97.72,99.43,56.82,79.91,91.38,57.39,39.09,38.13,94.87,6.37,38.64,47.48,32.88
98,NIG98,Nigeria,Americas,0.764,64.1,5.9,73970,17.76,82.65,60.34,2.68,19.9,91.13,38.59,20.59,29.11,52.44,45.47,36.87,1.1,32.68,90.98,39.11,98.96,12.91,41.84,74.31,38.9,90.36,20.65,87.04,30.98,81.79,66.48,15.88,57.51,31.03,20.3,71.68,45.9,20.17,99.11,44.57,82.46,60.48,24.68,32.89,56.92,49.1,46.27,3.91,9.11,64.63,91.89,34.68,84.26,79.23,39.11,82.34,84.98,41.51,17.96,61.77,43.21,38.47,65.91,69.85,9.55,69.86,4.37,88.55,15.79,88.26,53.77,66.67,6.67,72.65,90.22,90.87,41.13,76.19
99,NEP99,Nepal,Asia,0.967,57.3,5.2,44231,41.01,16.48,20.74,4.46,2.67,63.89,67.56,46.19,34.37,39.93,19.44,3.78,25.06,70.91,13.65,67.03,46.42,46.14,8.25,65.7,71.36,43.77,47.08,27.91,16.14,83.85,60.7,17.72,12.42,74.14,16.85,67.14,1.12,27.33,44.07,17.79,71.44,89.27,53.23,44.21,4.78,63.48,52.29,66.25,66.0,10.28,69.03,44.4,59.82,4.87,37.74,20.17,24.97,90.88,20.0,1.6,2.79,1.46,82.05,68.0,6.32,95.87,9.66,83.54,66.41,72.4,4.4,51.25,81.56,32.27,62.68,62.47,93.43,39.51
100,SRI100,Sri Lanka,Americas,0.469,61.4,7.9,24256,1.5,65.4,1.2,21.28,22.01,65.8,27.85,62.39,4.39,88.55,41.11,76.75,49.96,99.05,71.25,79.13,92.22,56.92,25.19,9.47,32.44,63.09,38.86,92.46,77.14,13.29,17.53,76.17,68.76,97.8,66.64,6.75,1.76,91.21,44.89,51.1,74.18,50.34,70.46,1.33,2.12,75.89,12.41,23.64,42.85,24.35,7.94,13.76,49.87,20.2,37.57,64.2,23.81,72.53,98.86,44.37,87.73,13.43,31.75,78.7,3.96,79.18,41.49,81.27,75.06,22.9,73.29,34.27,20.58,5.41,91.77,98.84,80.15,69.63
101,IND101,India,Europe,0.747,66.4,7.5,59481,62.98,6.46,49.16,95.37,5.21,99.2,93.83,12.56,17.37,54.88,79.52,20.44,50.74,42.62,46.71,16.42,19.75,42.4,60.59,30.31,57.64,96.77,20.14,86.24,48.12,95.1,35.96,37.77,47.07,42.27,60.94,43.34,15.59,95.38,48.2,76.19,42.74,8.32,90.65,30.02,53.72,55.29,17.57,38.05,30.58,28.32,56.21,48.08,33.32,71.49,19.57,91.61,0.42,86.17,73.04,37.43,40.46,41.58,39.46,74.22,38.4,30.78,98.75,7.12,88.5,99.25,12.45,93.21,16.24,76.3,95.71,77.13,75.16,34.86
102,USA102,USA,Americas,0.762,66.0,4.6,52006,92.65,73.57,24.24,3.45,81.31,63.1,67.64,69.75,64.53,26.13,45.55,68.11,25.43,60.21,95.18,84.15,1.23,77.1,64.44,91.69,39.77,58.62,90.1,51.85,18.88,42.29,82.97,25.29,30.22,96.77,65.85,38.28,30.8,41.16,87.64,72.77,8.89,63.62,77.67,34.44,14.27,74.87,93.0,39.8,30.81,98.7,81.64,0.16,6.98,69.63,52.5,65.45,73.3,17.06,37.47,70.4,19.8,18.2,94.85,45.07,81.44,18.56,5.9,18.27,75.92,25.94,90.23,40.88,62.68,62.44,86.84,16.61,29.31,37.77
103,CHI103,China,Africa,0.437,55.9,6.6,65095,67.28,10.08,6.11,75.18,0.72,58.24,98.76,9.68,52.23,0.73,60.3,98.69,76.14,93.21,47.32,33.7,42.95,37.08,89.02,99.94,81.68,94.1,66.51,37.84,5.72,35.6,33.03,10.02,45.69,69.83,72.52,88.8,13.89,60.19,86.9,27.95,69.93,81.51,36.84,61.84,65.89,47.52,41.31,18.79,98.62,95.75,81.26,1.66,36.02,4.58,80.76,32.55,44.43,60.68,40.02,61.26,8.14,42.79,93.15,93.08,98.69,85.71,90.52,73.43,29.39,19.51,14.32,52.01,57.19,85.68,50.46,12.79,79.68,30.13
104,JAP104,Japan,Oceania,0.963,69.0,13.9,16662,48.22,54.07,24.34,17.04,94.42,69.99,10.55,99.34,2.92,92.9,32.65,38.35,28.04,71.92,66.59,95.15,67.06,66.55,92.27,63.35,49.2,79.55,33.28,22.38,57.6,92.38,6.47,34.32,91.02,74.3,72.5,65.39,78.51,96.62,43.7,23.34,25.91,29.1,11.14,34.02,59.22,18.82,94.2,57.28,12.74,31.34,38.02,73.69,31.08,59.01,18.99,38.81,42.37,77.13,79.75,93.39,12.63,66.37,59.08,10.66,0.92,85.24,31.59,81.61,29.68,21.89,68.0,14.74,28.34,74.71,84.91,82.78,3.43,32.01
105,GER105,Germany,Oceania,0.964,58.7,15.0,76731,47.83,82.87,49.5,70.41,37.67,98.11,33.31,82.79,21.06,73.27,81.04,70.04,5.26,86.54,17.9,48.75,39.18,98.44,65.93,84.85,99.11,54.79,33.74,67.79,99.03,75.77,39.11,52.78,28.3,69.64,19.51,85.63,39.38,13.09,75.23,58.04,80.51,84.98,70.96,45.75,16.37,13.76,69.6,29.11,14.48,21.81,74.84,73.53,0.91,72.6,57.57,67.83,98.85,14.76,95.04,42.71,84.17,92.6,9.6,97.42,17.96,5.25,98.03,65.01,59.34,96.97,62.7,40.4,3.4,24.09,48.86,68.8,95.46,65.28
106,FRA106,France,Americas,0.842,84.7,11.4,13245,77.77,86.49,65.03,27.52,65.32,36.73,12.0,8.26,48.92,66.88,50.97,2.3,57.3,57.26,27.37,74.54,79.43,18.11,48.42,64.46,43.37,57.14,9.94,6.35,90.89,79.52,18.49,81.29,1.97,55.61,53.64,81.22,48.86,51.89,58.47,71.37,79.01,12.41,75.3,96.57,89.76,18.07,59.91,17.99,55.47,80.05,12.3,12.88,20.62,16.12,56.25,85.15,3.5,97.99,50.61,36.36,54.44,42.31,94.52,0.01,30.06,94.62,51.94,78.28,65.92,44.49,57.71,69.51,52.27,98.6,35.21,53.82,20.98,9.9
107,BRA107,Brazil,Asia,0.535,60.6,7.3,29708,95.74,60.21,21.6,35.91,12.85,62.23,7.44,25.5,38.18,90.37,40.01,8.33,25.42,42.53,69.45,53.59,7.06,73.27,99.54,69.68,19.26,37.21,65.73,82.05,60.49,41.97,15.35,99.24,43.36,2.59,60.36,7.75,12.46,11.0,54.84,6.6,64.02,36.28,33.35,27.33,86.89,22.58,0.99,37.72,96.88,37.86,10.5,92.56,17.57,72.83,30.65,82.13,48.96,52.9,70.05,86.54,55.15,60.75,89.66,17.07,94.65,38.96,34.52,74.13,96.8,53.17,59.46,84.96,47.69,12.76,0.95,51.36,15.55,12.64
108,CAN108,Canada,Americas,0.724,63.0,14.1,50016,70.75,24.91,60.87,70.68,18.31,98.62,79.85,50.22,27.58,42.78,94.17,88.14,81.4,30.52,85.79,94.75,40.65,31.27,9.01,7.95,73.0,94.49,16.51,5.74,74.34,55.42,49.29,87.44,96.22,42.4,50.87,73.08,47.97,51.5,99.8,88.81,69.79,40.55,61.63,91.09,74.59,71.42,70.26,74.97,24.42,73.9,95.09,82.34,88.03,52.81,60.92,60.74,96.46,67.45,88.19,52.35,22.51,7.51,83.94,51.37,95.25,42.27,37.91,37.33,11.32,91.4,24.98,53.91,76.64,11.79,29.92,29.35,21.31,73.8
109,AUS109,Australia,Oceania,0.624,82.7,14.2,69071,82.57,3.54,46.31,61.77,48.83,35.57,61.55,32.86,35.39,0.52,89.02,18.62,35.45,10.13,49.2,8.47,51.43,15.37,12.38,48.74,15.56,65.66,22.61,39.54,29.93,42.83,18.22,81.15,10.87,43.86,83.94,16.18,35.37,43.4,35.92,87.05,19.85,18.96,4.03,39.45,74.39,90.1,16.03,19.9,47.93,66.52,26.58,42.11,55.01,79.98,71.43,32.49,76.44,88.18,50.19,92.36,84.31,38.88,10.97,10.79,2.12,15.55,50.0,76.74,23.65,67.83,34.21,97.64,73.74,43.43,28.95,48.59,76.09,24.77
110,UNI110,United Kingdom,Europe,0.816,60.6,7.1,16575,86.42,99.43,24.74,82.06,19.84,70.65,81.0,70.11,50.23,18.12,99.26,59.12,63.45,22.94,13.23,3.84,99.04,92.91,42.63,61.65,9.09,5.1,40.73,30.64,63.33,23.14,33.62,47.92,50.99,64.39,30.43,26.92,28.06,35.1,41.81,31.98,4.76,4.09,5.21,74.48,21.2,47.21,90.85,10.08,18.48,94.83,36.36,30.44,9.69,1.37,55.18,86.2,33.12,74.13,36.14,77.88,52.89,37.16,65.02,21.0,38.4,88.72,13.05,74.26,12.04,58.66,91.22,65.44,19.04,70.47,92.55,7.49,54.66,34.29
111,SOU111,South Africa,Americas,0.964,61.1,11.9,7242,12.78,41.82,71.16,89.16,75.94,84.61,56.03,34.73,36.6,62.99,11.74,43.61,48.28,52.38,95.24,79.09,16.69,27.41,96.75,28.97,95.58,6.08,97.25,19.02,81.45,49.5,53.25,51.35,7.5,43.77,50.93,56.25,39.02,60.72,20.69,0.36,57.19,59.21,0.89,92.86,51.28,50.38,72.06,25.88,85.25,29.64,26.85,11.91,22.39,53.36,29.18,63.96,94.2,27.78,13.3,87.34,5.15,98.0,98.95,21.0,11.62,64.86,63.27,97.22,32.46,94.64,88.4,26.4,13.36,89.83,29.49,98.53,62.6,1.04
112,MEX112,Mexico,Africa,0.525,84.0,5.9,3549,53.74,97.88,77.82,78.05,10.64,74.58,38.2,65.38,87.0,63.43,55.09,81.68,22.06,26.88,58.17,80.77,75.29,15.56,23.17,72.63,36.86,90.22,9.37,18.15,18.5,86.24,18.89,49.05,72.95,64.76,2.1,16.29,17.77,39.42,60.78,6.95,7.2,24.53,90.91,97.04,10.02,52.68,72.68,80.8,60.33,37.79,2.07,82.66,76.34,64.45,4.37,24.83,8.36,14.26,62.74,1.35,96.64,95.76,10.63,73.61,33.84,70.75,20.23,48.04,56.29,44.43,16.31,33.18,15.45,5.59,69.2,62.75,12.31,82.49
113,IND113,Indonesia,Asia,0.71,58.1,13.8,55932,14.18,91.22,2.4,42.71,14.74,65.54,22.59,87.9,38.47,88.42,82.28,11.24,16.96,11.01,10.17,95.58,35.73,61.57,11.84,92.33,91.99,89.56,60.45,17.81,53.05,59.96,67.94,15.02,66.73,30.16,81.76,34.84,10.39,91.62,66.17,93.29,81.07,71.13,7.64,0.22,93.31,14.86,65.59,32.03,39.06,72.13,78.55,47.84,6.73,57.78,95.96,27.85,9.04,99.48,18.19,38.5,31.93,42.38,69.34,41.39,79.35,33.35,80.21,65.4,24.59,41.87,49.71,53.38,53.25,82.14,38.46,58.1,42.18,57.79
114,ITA114,Italy,Europe,0.801,62.1,4.0,3748,36.24,47.39,13.36,11.02,91.14,36.09,84.93,77.86,13.93,46.04,83.53,55.15,93.13,42.11,21.07,22.46,74.7,11.72,69.58,14.31,73.31,69.61,42.47,5.41,10.6,58.16,47.68,59.39,15.82,14.69,14.13,24.5,1.25,83.11,41.65,76.54,46.98,14.01,52.75,94.88,47.02,72.26,44.4,64.48,1.32,11.13,6.0,64.25,60.42,17.36,16.03,39.64,42.36,94.82,45.43,71.14,25.81,57.21,30.6,22.73,93.15,27.18,9.19,37.76,95.11,74.31,40.04,5.6,39.23,82.25,97.6,60.51,7.72,69.24
115,SPA115,Spain,Americas,0.579,74.3,13.1,23103,5.47,37.15,42.42,26.99,10.44,36.27,77.88,33.55,23.95,16.28,10.65,21.19,1.1,90.97,18.77,20.17,92.92,24.03,8.5,57.01,4.49,98.65,48.38,4.8,9.32,30.86,98.05,75.17,95.87,50.02,31.45,39.06,35.58,12.95,67.47,33.13,89.65,50.36,50.22,77.51,2.37,79.61,47.7,86.88,3.74,16.12,68.24,7.88,62.6,95.28,23.16,21.56,68.15,14.09,71.86,99.34,50.16,99.23,60.87,52.33,76.86,44.75,13.12,29.08,62.35,94.01,4.0,71.28,68.29,23.91,99.7,60.69,95.8,56.69
116,RUS116,Russia,Americas,0.456,55.4,12.4,42072,54.71,96.89,78.14,8.72,9.41,31.37,93.41,16.15,28.01,36.33,8.92,17.92,77.19,25.79,47.33,25.6,87.67,65.03,14.04,12.4,56.87,3.96,85.9,40.09,85.7,91.71,12.9,36.67,84.48,95.2,37.37,68.22,50.59,26.28,87.55,68.26,62.06,64.39,74.1,24.48,82.12,0.79,85.31,29.07,15.82,39.93,7.3,38.82,46.23,9.35,46.59,64.25,90.01,46.49,8.58,73.18,91.75,92.25,76.82,19.95,32.87,31.73,99.64,48.63,70.23,47.62,27.84,3.83,15.57,47.0,64.02,32.02,3.13,60.11
117,ARG117,Argentina,Americas,0.436,79.3,12.7,63550,21.34,21.15,2.29,75.86,42.29,25.21,17.61,14.17,27.39,8.17,87.38,45.14,41.97,21.41,89.31,18.41,5.37,89.5,42.85,96.34,29.69,19.86,94.19,48.16,53.55,78.39,96.56,43.68,91.26,57.03,82.3,56.09,89.38,19.86,72.27,57.85,14.46,66.41,82.35,73.44,82.52,73.31,1.42,89.65,93.38,49.94,31.64,79.2,67.39,26.28,72.23,98.82,94.33,85.73,63.43,63.89,57.84,3.65,74.57,18.77,69.64,77.44,60.09,21.61,20.98,19.12,67.96,95.51,37.03,36.38,30.19,30.7,81.91,12.47
118,NIG118,Nigeria,Americas,0.77,68.7,8.5,47665,82.82,42.58,97.41,33.58,92.63,45.88,37.31,55.28,16.27,43.59,28.5,65.96,68.03,63.41,70.21,93.79,90.59,9.92,8.76,83.72,8.96,1.64,93.25,10.37,74.99,62.38,54.47,63.35,50.34,80.59,66.77,85.17,21.19,77.69,55.16,11.45,85.63,95.06,35.06,79.38,46.39,90.8,64.49,78.46,39.58,93.96,78.22,50.76,26.76,65.87,30.74,90.27,90.93,67.33,0.42,90.91,3.27,2.62,79.05,84.08,51.9,74.12,31.75,17.04,57.22,43.0,55.57,39.14,61.63,39.33,5.16,93.19,42.91,93.94
119,NEP119,Nepal,Americas,0.957,60.2,13.9,69300,15.84,23.1,71.0,12.63,11.84,57.69,39.2,76.22,91.67,83.73,15.91,32.24,9.33,2.56,1.15,77.0,15.3,61.81,54.37,97.24,57.18,2.53,73.42,98.34,63.45,77.76,18.66,65.25,22.18,19.38,84.05,72.63,80.71,37.81,26.05,5.17,8.3,14.38,2.31,98.48,86.69,11.09,92.72,12.27,14.18,26.2,18.06,7.74,84.46,91.27,20.8,10.07,79.54,41.37,48.65,62.57,21.03,41.99,88.97,63.36,45.09,16.11,29.88,90.36,65.97,63.12,85.48,11.72,34.28,34.68,99.49,60.0,0.5,52.17
120,SRI120,Sri Lanka,Africa,0.928,60.8,4.3,4519,51.8,76.1,21.63,36.49,89.86,2.95,13.86,8.34,69.16,12.66,27.37,19.92,9.2,70.81,65.19,46.7,80.9,43.61,94.63,92.23,25.01,19.79,84.6,71.74,96.19,10.29,79.32,58.76,16.57,20.58,72.21,43.35,44.62,59.63,27.17,31.87,10.76,38.3,19.97,35.29,89.79,81.93,44.94,88.94,95.81,25.31,40.98,60.39,87.73,95.04,53.05,39.83,11.46,80.9,42.94,18.59,24.53,21.52,37.17,14.5,31.45,0.96,68.83,71.68,21.38,56.75,32.16,23.26,6.62,28.36,21.22,21.75,56.1,71.63
121,IND121,India,Asia,0.727,74.4,11.5,58543,31.78,32.01,19.71,80.27,49.87,99.03,42.12,12.41,17.11,32.69,38.29,57.64,28.5,64.37,85.61,98.8,91.16,28.44,84.16,40.28,89.58,91.8,3.91,64.48,6.95,9.51,80.25,72.33,27.47,75.37,40.03,55.65,31.32,61.23,39.33,69.65,45.46,84.87,96.72,12.14,37.39,61.8,2.93,4.78,1.04,10.51,32.29,68.76,43.57,17.02,19.12,90.23,36.89,90.29,98.96,93.41,86.8,25.97,78.49,11.08,94.71,7.5,32.93,61.28,81.25,26.99,17.03,13.78,46.07,12.63,86.19,75.3,88.78,96.58
122,USA122,USA,Americas,0.763,75.0,9.7,33025,57.79,66.13,97.63,32.19,73.09,22.58,26.38,29.62,8.28,55.85,87.29,65.95,73.53,20.59,7.8,97.18,6.03,1.31,21.61,81.85,18.79,10.45,20.87,59.05,52.76,85.85,76.05,31.18,45.4,15.4,50.45,91.41,21.88,36.36,97.51,86.79,51.35,78.0,18.8,27.78,16.42,30.71,86.98,64.84,14.73,87.62,74.5,24.06,89.41,18.7,2.86,66.19,45.26,26.56,92.69,8.41,43.15,15.06,50.22,50.79,5.32,27.26,9.78,64.86,73.2,42.26,29.4,40.27,59.4,52.96,49.36,43.36,68.12,64.63
123,CHI123,China,Asia,0.525,56.6,4.4,36388,23.88,53.21,27.55,88.26,69.95,40.46,39.29,21.99,82.41,69.17,49.52,17.1,20.36,63.69,70.59,28.8,0.31,18.51,90.78,62.21,73.91,85.26,68.79,17.02,68.14,16.66,33.22,45.52,96.22,66.6,42.79,2.08,97.44,88.13,17.07,76.03,0.97,35.21,47.38,0.1,87.32,47.26,4.52,1.74,68.0,29.07,22.83,50.31,75.5,77.53,10.0,80.39,33.57,49.07,35.08,54.57,66.34,25.35,45.88,82.77,30.11,33.37,51.78,66.39,86.51,84.37,48.44,26.99,51.93,63.98,14.79,41.03,22.03,99.41
124,JAP124,Japan,Africa,0.684,62.3,12.2,57955,35.94,74.44,19.38,95.48,63.87,96.55,87.71,67.88,89.92,44.93,95.83,52.69,26.53,67.91,88.8,39.1,41.73,99.39,30.93,4.11,52.01,34.33,61.24,43.35,45.5,96.82,79.23,28.84,96.95,49.89,68.55,46.63,15.02,96.67,62.38,66.43,30.36,28.83,79.98,1.56,4.1,28.3,59.31,5.32,30.58,43.03,66.03,0.06,25.14,35.02,28.33,85.9,66.53,76.89,15.5,8.6,27.07,99.59,19.67,58.52,8.07,21.89,47.32,35.46,81.17,63.7,42.26,96.69,9.81,26.13,30.2,31.07,56.39,67.89
125,GER125,Germany,Africa,0.858,59.2,12.4,34270,13.57,55.43,30.11,8.56,56.67,62.83,54.58,37.6,87.59,43.69,13.86,44.19,31.33,93.49,71.26,46.84,42.77,42.05,41.03,2.77,55.89,95.75,42.09,75.59,61.52,30.24,24.26,51.22,12.73,54.33,56.56,29.33,75.53,39.27,40.29,0.6,80.75,87.49,46.02,5.43,5.47,82.99,64.99,33.35,9.74,29.06,48.15,33.13,6.09,74.05,67.44,73.94,5.3,20.51,14.42,74.04,49.53,22.35,67.57,85.23,30.09,31.09,98.92,0.65,48.5,68.78,11.47,0.0,60.38,12.1,9.69,20.43,47.37,83.27
126,FRA126,France,Americas,0.623,82.8,7.3,64902,98.27,82.03,84.17,54.67,82.17,68.13,85.93,61.72,43.24,63.62,18.48,81.86,65.75,17.08,74.17,54.67,47.62,29.0,66.75,95.91,49.3,66.77,39.12,69.77,10.73,41.69,42.48,2.8,45.71,56.42,1.1,30.28,64.51,89.32,61.99,4.26,90.71,96.28,46.79,72.31,27.69,98.18,35.77,85.58,50.32,34.88,70.62,39.06,6.28,65.59,35.19,71.92,33.93,71.52,78.67,27.83,76.26,30.29,39.39,91.62,64.51,37.65,47.18,65.9,57.6,92.74,77.54,52.54,12.94,32.41,95.52,34.81,61.75,40.38
127,BRA127,Brazil,Asia,0.417,77.0,6.5,15422,49.94,67.93,32.37,23.15,77.17,91.73,79.56,10.54,88.08,72.82,38.41,97.33,92.24,6.19,25.05,3.74,74.99,44.15,37.43,63.13,2.95,17.41,10.77,44.95,13.32,63.74,55.65,19.57,49.11,67.88,22.55,74.22,43.41,52.85,79.0,8.6,2.42,95.98,9.62,3.32,14.06,0.52,77.44,56.83,86.45,34.07,68.24,95.77,72.83,52.82,19.01,20.75,82.76,50.09,35.65,89.98,85.34,80.16,43.89,62.55,87.4,56.92,12.72,51.72,10.09,49.87,5.15,54.05,2.25,82.13,28.99,82.81,39.04,35.79
128,CAN128,Canada,Europe,0.952,57.2,10.3,69363,93.18,50.0,39.92,5.66,69.75,11.09,47.1,91.74,26.31,3.0,33.8,26.09,33.45,76.47,13.93,54.71,73.39,92.42,66.33,87.83,23.56,7.29,94.8,90.43,70.31,76.56,3.54,98.11,94.99,59.81,61.24,8.06,55.14,94.66,27.05,4.17,3.56,50.76,65.03,43.15,30.34,84.98,97.15,2.14,5.54,77.36,81.14,53.42,86.03,68.19,73.79,55.25,5.21,76.57,69.54,42.97,42.68,13.78,43.8,89.71,98.25,36.77,19.36,43.65,5.79,23.2,58.86,22.71,74.75,88.83,79.32,56.8,99.09,1.49
129,AUS129,Australia,Europe,0.863,57.3,5.4,25170,28.26,31.41,60.24,89.04,99.81,12.97,39.78,65.76,65.66,7.64,93.84,20.59,70.53,81.34,89.76,85.88,44.35,30.27,36.69,55.14,86.9,24.42,89.3,31.89,54.14,10.44,34.66,41.08,95.06,48.62,7.84,91.2,84.14,52.1,30.49,55.3,12.27,72.49,78.79,3.59,23.51,44.03,76.42,95.3,2.13,83.63,27.03,58.82,30.04,96.51,5.97,85.46,38.39,1.88,38.26,44.4,22.44,37.93,65.99,53.25,66.04,3.13,76.3,93.72,91.01,75.45,33.62,82.82,26.25,75.33,21.65,2.73,72.58,62.15
130,UNI130,United Kingdom,Americas,0.846,82.9,12.3,15814,55.33,95.25,93.25,28.74,99.09,53.48,42.38,71.92,76.9,26.01,96.03,46.73,99.26,23.82,90.77,28.07,68.26,27.44,99.88,77.13,29.58,57.11,3.86,27.43,26.87,25.05,65.3,77.16,1.23,30.69,66.08,83.6,84.76,44.38,1.73,0.89,3.7,35.87,63.77,55.66,40.86,57.96,7.95,89.7,55.14,95.33,44.04,25.8,78.67,25.95,49.49,22.74,17.45,87.12,65.6,23.27,65.46,18.43,50.67,44.03,31.73,55.34,22.8,95.17,99.2,97.53,1.61,84.49,84.94,54.04,4.47,23.47,10.92,50.69
131,SOU131,South Africa,Asia,0.691,62.1,7.6,50174,82.91,68.1,7.14,42.65,28.31,2.47,60.7,36.03,97.51,89.74,37.47,94.25,29.41,3.12,36.83,29.09,15.01,59.12,10.62,21.15,31.31,71.58,74.2,78.35,71.28,93.99,37.88,58.27,65.71,15.01,76.26,64.92,95.52,95.86,99.23,56.54,99.78,63.03,73.4,53.9,12.12,87.85,79.82,60.71,65.92,52.03,31.69,19.5,57.52,91.11,32.87,79.9,97.75,23.09,31.48,97.24,69.31,44.5,95.76,40.99,7.97,56.05,7.64,36.23,48.42,23.03,78.63,22.98,82.78,98.67,92.57,24.49,90.93,67.41
132,MEX132,Mexico,Europe,0.745,78.9,7.8,16961,8.15,42.1,98.32,57.6,63.26,77.26,89.99,87.64,1.55,12.08,26.34,55.46,93.01,74.29,12.64,3.41,43.14,69.0,98.99,13.24,86.69,91.86,90.43,35.44,40.23,55.69,71.2,11.9,89.74,89.84,59.15,61.66,99.41,4.52,73.87,35.5,44.89,40.89,44.98,83.48,28.93,47.71,13.46,18.35,76.6,91.63,93.66,8.38,89.56,59.36,36.99,64.94,37.94,43.86,50.87,58.81,94.48,9.69,29.73,34.11,56.41,89.73,57.98,84.41,42.67,32.28,31.86,17.84,14.32,81.4,73.46,98.92,21.07,51.91
133,IND133,Indonesia,Oceania,0.901,64.4,7.8,23204,11.86,27.38,43.89,88.53,28.85,91.77,98.88,75.35,92.45,66.64,14.1,20.68,83.88,75.49,2.74,90.25,95.99,53.98,79.9,0.67,83.25,2.58,20.31,94.18,57.12,73.21,52.09,83.1,29.49,10.96,70.63,84.47,44.44,43.23,26.31,86.45,99.31,73.16,11.65,35.37,7.91,79.33,72.74,32.71,50.71,27.61,63.06,51.28,77.7,70.68,31.48,92.47,43.34,93.24,79.42,31.75,84.14,66.11,87.76,3.56,63.45,0.8,13.69,37.62,94.32,67.33,26.53,15.14,81.39,73.36,28.26,19.86,87.59,95.08
134,ITA134,Italy,Europe,0.402,57.0,10.1,28834,71.0,3.88,68.8,61.34,63.1,23.47,34.87,53.05,95.43,87.79,84.07,87.5,66.8,49.02,63.0,59.78,54.34,29.54,21.89,96.29,89.68,76.39,41.96,44.72,24.74,42.49,17.62,95.63,66.06,34.76,39.81,12.81,88.22,84.01,86.4,60.11,68.72,2.9,26.79,21.51,85.1,40.9,56.23,32.32,67.5,41.12,80.9,42.52,26.07,5.46,48.55,21.89,63.63,4.56,44.76,22.13,87.56,53.6,77.96,11.03,96.83,61.08,12.92,53.98,95.03,2.11,37.92,78.04,33.33,35.27,76.6,6.35,4.92,21.05
135,SPA135,Spain,Oceania,0.513,59.7,9.9,31559,29.02,16.14,37.39,41.34,55.3,24.87,1.36,84.55,75.51,52.66,50.15,79.13,4.23,28.31,2.42,63.16,68.81,3.38,74.99,81.3,37.79,40.08,81.83,87.66,86.2,7.65,50.45,70.35,73.26,2.02,74.27,54.17,91.9,9.56,58.82,39.11,83.15,85.93,78.48,42.52,74.35,30.22,45.89,9.97,96.93,57.62,37.66,42.95,22.23,40.63,27.86,28.44,70.29,50.66,38.24,99.32,72.76,95.15,76.27,71.46,45.23,57.79,2.49,77.12,44.71,47.68,10.89,31.06,14.38,62.99,8.36,56.09,20.77,94.21
136,RUS136,Russia,Oceania,0.542,59.2,10.8,63564,52.34,83.97,76.06,5.89,49.34,41.19,74.05,83.43,3.65,68.9,59.87,87.14,26.81,20.92,56.24,48.87,49.98,95.95,23.57,46.14,48.3,55.48,73.97,73.31,92.12,42.57,7.75,12.73,1.36,51.99,12.15,19.74,86.97,11.37,88.55,49.52,62.62,52.46,13.99,87.42,41.81,0.93,11.76,99.57,71.99,88.02,27.11,32.24,88.95,56.38,16.59,29.02,68.5,80.28,95.2,37.13,60.45,47.21,21.06,33.02,74.68,99.62,92.78,16.42,71.51,47.39,31.77,17.92,47.05,99.33,0.56,70.15,19.93,9.38
137,ARG137,Argentina,Americas,0.589,56.8,9.2,22006,6.68,63.63,88.33,34.5,1.41,19.26,28.42,91.15,42.62,72.93,36.73,76.7,93.43,56.11,64.16,20.26,59.26,10.3,21.64,17.83,56.37,12.67,52.23,64.48,38.29,57.57,85.34,60.48,96.67,73.73,61.59,90.92,20.93,0.27,23.18,21.64,92.95,61.49,14.33,47.55,0.02,7.78,96.98,13.7,80.72,42.54,47.17,30.26,76.0,24.08,39.32,77.39,70.62,35.5,83.86,31.7,7.82,60.54,21.39,16.61,63.38,27.77,14.29,43.72,44.16,69.51,25.05,12.02,89.98,65.21,17.8,86.61,85.54,77.07
138,NIG138,Nigeria,Africa,0.815,61.4,10.2,26532,38.25,17.9,74.76,1.07,44.21,52.6,0.56,31.04,9.41,36.89,25.38,92.16,60.68,3.35,27.5,47.87,4.39,69.55,25.3,62.53,97.11,82.33,86.32,92.76,99.72,63.22,49.03,47.34,87.49,75.06,80.74,3.82,2.88,89.43,15.32,73.62,87.09,13.16,41.96,84.58,5.6,63.75,6.23,9.75,54.41,98.34,19.42,61.4,1.67,83.73,84.82,31.65,70.93,90.57,58.68,94.43,51.63,94.05,40.32,83.77,66.96,6.5,82.5,50.15,72.9,8.4,44.34,27.55,19.87,50.55,17.3,74.68,83.79,0.32
139,NEP139,Nepal,Africa,0.72,58.5,9.1,12784,56.62,46.3,11.63,9.06,72.96,18.57,59.11,96.58,76.67,78.87,21.75,37.45,8.13,72.43,24.67,83.73,64.23,90.15,19.11,75.58,13.27,5.33,70.59,17.8,14.04,31.55,22.6,18.82,88.36,17.71,29.49,69.76,26.45,48.99,57.87,34.89,64.18,44.97,63.1,83.17,3.67,83.47,38.57,53.79,21.07,70.22,34.69,81.09,79.63,20.74,69.97,50.38,82.99,79.43,9.08,77.34,25.82,46.77,3.14,11.53,65.83,18.64,13.98,58.68,37.23,37.79,58.84,3.38,70.13,62.95,86.93,0.79,42.14,33.47
140,SRI140,Sri Lanka,Asia,0.507,65.7,5.8,73167,18.62,2.17,80.92,45.64,57.6,43.5,39.93,83.41,25.26,37.32,33.79,67.86,30.02,97.08,87.74,76.32,90.09,50.7,42.1,77.41,95.4,40.08,2.86,51.22,92.24,88.66,96.52,94.28,19.85,97.24,75.19,12.99,33.31,95.99,97.03,30.93,76.58,80.15,45.87,16.53,0.08,14.75,88.3,30.13,8.04,23.62,20.33,9.02,24.47,68.47,84.57,37.43,47.73,34.47,47.08,68.68,69.88,91.28,66.84,83.13,70.62,76.31,9.58,12.85,76.3,13.35,77.33,89.8,81.98,73.04,42.46,39.39,7.17,48.83
141,IND141,India,Oceania,0.415,81.6,6.0,32322,36.91,33.99,82.32,61.06,75.17,91.46,64.56,13.81,18.8,21.12,43.54,33.96,65.4,42.57,28.5,38.68,82.13,3.48,95.85,42.17,16.35,68.23,83.42,46.49,8.26,68.61,10.14,86.25,80.36,1.22,31.9,57.47,38.4,45.47,48.61,95.99,40.17,77.14,30.3,25.86,63.41,60.36,80.24,45.03,37.28,47.35,33.51,53.5,36.49,78.55,98.07,53.17,38.35,67.47,15.04,33.71,93.42,59.02,19.76,81.28,72.76,45.5,4.85,28.17,12.16,48.96,36.71,88.92,68.64,25.23,33.75,29.61,81.92,54.27
142,USA142,USA,Europe,0.567,67.5,8.9,40517,63.6,59.58,35.72,3.66,73.87,24.86,8.4,9.46,72.68,63.29,43.11,27.47,97.19,68.9,24.41,82.56,83.49,73.27,52.36,45.84,7.65,37.28,14.68,97.68,63.78,88.2,38.19,98.03,7.88,92.74,74.93,42.25,2.24,95.04,25.69,65.29,88.29,83.69,43.34,11.64,19.16,26.1,30.32,51.4,85.42,24.38,79.9,37.42,47.29,76.07,43.69,74.69,77.83,27.69,67.14,60.46,90.97,67.82,27.27,40.72,1.87,41.43,12.98,26.71,59.91,97.59,31.82,22.13,1.81,32.46,6.37,28.78,71.2,82.7
143,CHI143,China,Oceania,0.64,72.9,10.0,63838,92.99,1.26,34.06,34.64,44.44,46.19,74.26,21.06,69.77,67.3,25.57,3.23,85.23,96.77,63.14,56.13,34.53,20.76,98.49,36.92,29.18,31.53,67.45,2.96,62.49,16.67,35.16,43.15,99.58,2.34,97.34,55.64,49.08,23.47,92.12,13.17,60.71,84.97,9.7,21.83,99.21,57.07,17.86,15.91,77.75,73.45,40.11,40.85,75.13,41.82,59.92,31.94,36.32,10.56,88.48,96.02,76.18,31.78,53.56,39.22,85.91,49.48,46.39,82.61,44.95,92.39,17.76,28.84,53.27,33.41,46.4,17.23,90.73,38.34
144,JAP144,Japan,Americas,0.955,67.3,11.0,30885,13.86,61.99,99.89,59.96,73.21,94.55,32.5,24.99,56.93,47.19,9.1,37.03,74.3,88.35,65.41,55.21,86.34,85.03,16.14,36.91,87.47,17.52,93.71,92.14,32.27,29.3,89.44,20.7,46.12,24.5,60.32,98.97,79.68,97.28,50.02,11.12,60.4,33.13,92.02,15.93,46.22,96.25,0.69,3.23,67.69,86.71,99.55,86.22,7.04,41.71,26.0,71.6,12.1,77.66,64.71,53.42,2.37,48.08,72.6,29.3,39.84,82.23,76.88,36.34,71.66,51.16,64.96,42.86,12.41,14.6,26.25,82.52,75.36,11.18
145,GER145,Germany,Europe,0.609,74.7,5.6,33359,79.56,21.01,9.71,64.2,7.41,89.92,49.16,24.47,26.0,29.53,44.47,78.74,69.96,56.82,59.44,76.13,14.8,28.84,22.1,37.09,36.27,29.12,94.48,15.83,63.39,47.53,43.99,29.49,74.37,69.51,14.65,29.23,38.42,63.68,2.8,21.17,30.3,58.42,25.94,72.11,74.55,99.61,40.58,61.85,17.04,34.42,15.59,85.26,31.43,37.44,86.54,48.52,16.91,52.52,17.54,89.71,1.42,94.69,34.24,30.93,22.43,27.83,77.8,78.93,65.0,35.65,45.93,91.27,90.63,84.0,84.57,78.31,52.41,22.84
146,FRA146,France,Europe,0.607,56.0,10.9,44690,50.74,27.15,96.17,84.66,53.77,7.94,79.79,44.66,52.29,24.47,79.73,18.27,93.63,85.75,22.83,71.74,17.74,97.94,26.58,27.75,74.31,73.33,91.75,90.61,13.25,30.28,20.77,24.39,76.17,47.73,9.83,88.16,5.11,79.0,7.31,47.83,44.19,47.6,9.99,58.94,59.83,30.0,0.96,42.98,90.5,72.0,44.26,64.26,58.89,63.49,75.55,99.22,25.17,40.72,27.07,63.11,32.86,48.33,28.38,64.53,26.42,53.22,34.11,67.78,50.31,62.59,11.15,75.66,18.22,0.65,89.34,50.95,49.58,17.88
147,BRA147,Brazil,Americas,0.784,57.8,13.5,46383,63.79,53.86,18.27,77.88,76.29,21.32,50.18,32.0,53.04,10.29,30.01,60.95,57.1,15.46,15.64,76.64,78.58,85.24,61.01,15.71,95.67,98.12,65.35,78.87,77.98,26.94,93.28,47.2,85.62,30.36,14.5,33.37,35.39,74.52,44.97,42.53,39.35,41.71,76.22,40.41,96.87,35.36,80.54,97.5,76.7,1.95,70.43,20.86,71.67,29.48,37.35,32.18,79.09,32.57,56.0,19.95,21.5,50.29,85.64,10.68,24.31,32.55,47.97,72.13,46.99,97.11,4.6,65.94,68.78,90.89,48.7,28.01,60.67,37.5
148,CAN148,Canada,Asia,0.432,65.3,9.9,58925,92.36,11.1,13.43,74.98,32.45,77.52,41.38,15.18,15.04,29.89,20.0,8.8,24.52,57.27,76.28,26.07,53.1,29.14,2.19,77.21,6.8,78.59,71.14,31.4,85.34,90.51,44.58,88.46,18.41,46.83,46.08,33.3,67.77,70.41,25.54,74.77,2.31,11.92,41.08,39.63,48.64,4.8,52.84,91.3,51.23,1.62,43.72,3.21,50.42,79.83,79.01,49.2,57.48,63.44,73.44,56.53,97.42,78.06,53.18,79.86,84.63,8.77,92.25,61.0,99.29,75.19,76.71,43.09,27.69,45.13,88.05,73.89,65.04,7.3
149,AUS149,Australia,Oceania,0.594,70.8,11.6,58175,88.94,40.15,29.38,62.37,38.99,0.85,32.24,15.05,85.56,58.44,76.78,53.24,65.36,20.03,82.15,92.54,89.32,71.49,57.69,18.88,14.83,30.85,10.09,53.34,94.45,3.95,12.73,34.85,6.93,87.06,92.85,65.82,20.17,16.33,99.1,23.3,91.99,77.23,2.73,87.76,94.44,12.31,94.8,2.54,86.75,85.42,20.86,4.92,43.85,19.86,77.1,59.02,12.46,96.92,50.67,57.83,51.65,16.29,20.96,94.07,74.06,35.84,99.54,41.51,21.03,9.08,50.69,47.8,50.87,94.49,1.61,38.0,42.0,96.16
150,UNI150,United Kingdom,Asia,0.602,83.4,13.2,58404,94.59,65.2,22.94,70.12,65.04,81.02,87.59,1.59,96.42,72.96,89.73,4.54,84.74,17.74,0.93,51.86,14.02,46.98,3.9,59.62,20.98,73.98,29.31,61.76,82.33,41.92,17.46,51.86,15.14,80.94,66.87,36.51,92.5,78.66,3.0,20.41,40.37,37.32,84.14,62.19,2.85,2.58,2.85,47.05,73.5,14.43,40.77,53.95,76.25,72.25,16.97,10.01,34.87,22.27,41.99,6.63,96.87,46.44,41.51,89.81,44.04,85.69,80.94,0.07,47.62,89.95,25.69,32.29,54.0,95.69,66.84,9.64,49.28,83.11
151,SOU151,South Africa,Oceania,0.512,61.6,5.4,20190,22.56,8.22,9.48,40.38,88.69,10.52,22.62,18.46,65.94,32.86,97.4,66.84,51.99,57.72,88.36,75.99,13.17,42.2,66.12,57.94,93.46,3.42,90.6,38.5,4.8,19.79,18.22,14.3,3.41,79.48,16.19,32.25,57.21,48.38,34.39,62.87,81.7,57.72,45.21,21.48,62.13,54.59,11.78,27.93,76.85,92.39,33.73,89.25,25.53,80.7,48.74,54.89,66.32,66.8,34.24,51.91,6.31,36.54,64.23,96.48,12.62,22.71,45.74,11.11,55.05,29.57,87.33,30.7,43.62,98.43,8.3,86.7,50.47,39.76
152,MEX152,Mexico,Oceania,0.511,80.2,6.4,3691,19.87,74.46,52.56,77.99,56.29,53.06,4.7,53.32,53.95,69.37,99.72,16.68,15.87,68.04,63.49,85.89,22.63,93.06,71.61,54.08,95.51,42.4,20.22,4.89,96.91,40.09,38.98,52.17,42.13,47.65,32.19,72.15,30.0,7.49,70.83,66.81,20.88,73.35,59.4,6.68,75.52,14.03,48.09,16.03,97.21,97.65,97.83,39.12,15.94,41.9,59.14,24.86,35.04,22.63,94.91,14.04,40.14,72.6,58.59,67.23,20.58,14.24,27.55,32.75,63.68,52.06,52.42,77.17,59.84,23.22,43.83,82.22,54.13,61.0
153,IND153,Indonesia,Europe,0.44,84.4,14.0,46244,87.52,94.95,4.1,83.8,25.55,62.69,42.59,16.85,70.98,86.55,48.73,29.11,52.28,8.86,73.18,95.97,86.51,24.13,85.0,49.45,70.16,43.25,5.67,10.52,76.99,84.23,73.24,90.47,64.03,32.88,66.7,25.12,35.67,1.29,71.31,48.55,58.58,22.14,43.38,26.58,99.73,82.63,48.79,60.66,56.56,60.66,87.04,66.76,4.21,10.78,83.82,64.27,9.86,9.49,96.67,23.86,58.01,70.93,60.38,81.53,71.83,3.99,64.71,44.02,46.07,86.34,3.73,39.87,80.52,74.44,43.18,90.81,21.6,18.07
154,ITA154,Italy,Africa,0.456,82.6,12.8,61350,84.94,25.35,81.84,34.4,97.36,24.87,44.6,4.78,45.82,99.1,26.32,79.36,20.94,77.08,54.73,32.19,40.13,34.85,81.55,84.47,85.66,33.38,61.64,73.99,83.62,22.76,82.87,10.13,72.19,63.95,31.29,49.72,18.62,38.27,26.47,70.74,35.06,80.59,89.58,75.48,95.93,32.28,11.15,58.18,90.88,70.02,56.05,75.68,53.83,39.8,69.56,19.86,9.05,59.8,87.69,40.46,26.34,71.59,53.28,39.68,92.13,10.36,95.61,81.46,88.75,29.39,57.01,8.22,99.94,44.25,4.08,54.8,66.75,27.38
155,SPA155,Spain,Americas,0.528,75.9,6.4,31100,44.04,81.15,14.54,29.68,96.46,85.75,48.33,43.89,55.63,99.84,19.22,18.61,51.86,39.96,57.55,90.23,38.71,26.15,79.68,36.4,80.17,43.13,36.45,92.55,23.47,54.04,7.7,69.32,32.17,82.74,70.24,79.56,57.9,9.66,91.75,98.55,70.84,53.54,10.48,82.63,22.78,34.83,70.21,97.65,82.11,22.4,26.91,83.66,46.02,43.79,59.11,6.47,99.58,2.21,44.85,65.03,89.58,47.66,70.63,6.38,35.44,95.47,27.61,25.2,89.65,2.76,59.77,43.08,76.44,13.34,39.62,66.18,30.98,69.72
156,RUS156,Russia,Africa,0.588,72.1,13.6,54864,14.42,53.96,68.13,31.45,0.68,60.96,71.21,35.83,11.97,97.74,61.39,52.98,73.04,73.26,24.88,60.15,75.88,17.93,18.12,64.94,49.5,11.95,8.91,94.61,57.4,94.9,38.75,40.76,69.64,13.85,34.33,9.59,35.52,70.73,87.91,49.97,18.46,40.14,22.66,98.56,63.3,33.97,75.18,52.39,2.04,60.62,98.2,5.91,37.31,16.85,96.36,52.91,0.47,38.48,2.77,90.51,56.34,85.94,95.57,18.85,62.09,18.18,21.84,34.52,87.21,91.26,59.97,57.4,89.14,70.64,87.97,17.75,14.88,81.9
157,ARG157,Argentina,Asia,0.755,83.1,13.8,17265,80.72,31.17,29.14,34.91,18.04,51.85,90.02,49.77,60.35,99.73,92.0,93.78,92.86,54.8,38.88,44.79,11.64,55.45,33.83,36.57,23.95,81.76,18.83,40.43,35.83,91.66,92.11,81.09,90.97,70.76,83.91,9.88,51.98,66.35,32.06,52.73,57.51,53.19,39.42,54.64,20.09,32.03,44.79,19.8,94.42,42.63,43.51,8.24,2.38,10.43,56.13,60.97,30.59,99.23,77.07,77.08,69.89,52.76,4.16,94.68,30.71,58.75,90.03,54.28,64.09,73.93,53.43,4.72,30.29,18.82,96.42,5.24,82.54,87.37
158,NIG158,Nigeria,Oceania,0.699,60.3,8.1,7361,91.07,9.87,95.0,89.24,71.24,7.3,20.36,20.67,64.04,1.56,92.21,20.6,68.94,92.43,0.47,24.04,81.36,83.13,98.44,98.71,82.66,37.18,83.78,4.48,14.17,24.62,66.85,88.19,42.28,57.05,86.37,62.62,20.49,87.87,73.66,27.26,69.03,41.59,41.36,27.81,90.11,81.67,48.82,60.01,62.65,39.55,69.6,44.91,66.3,22.3,63.76,11.53,90.22,48.85,18.34,32.74,94.35,25.65,68.09,93.06,39.82,53.63,28.47,57.01,10.85,11.94,82.29,88.4,95.02,55.47,49.8,12.71,99.56,46.9
159,NEP159,Nepal,Asia,0.464,56.1,8.3,12458,76.25,80.64,24.18,61.53,43.81,14.28,59.7,4.11,93.36,76.68,18.9,21.04,31.79,56.88,94.86,34.13,95.04,92.18,35.01,20.06,64.41,39.13,15.31,29.18,6.36,18.4,19.43,65.8,43.89,87.13,6.94,24.58,52.86,55.69,14.34,96.42,5.67,68.48,40.99,53.43,61.86,16.99,93.28,37.04,14.35,10.38,23.37,38.12,56.27,81.37,76.87,11.96,22.45,62.83,56.36,7.39,64.89,91.08,93.72,64.48,28.25,61.6,44.97,74.81,68.29,61.26,34.51,98.8,45.5,91.94,15.31,53.65,36.01,14.44
160,SRI160,Sri Lanka,Europe,0.949,66.7,6.8,22513,36.81,2.09,80.55,14.4,45.99,71.07,54.15,22.7,40.22,84.01,35.29,94.19,42.11,41.77,73.34,44.39,38.84,36.36,32.6,39.89,72.33,20.59,21.7,19.1,19.46,87.36,65.93,61.89,90.04,54.82,76.4,40.82,64.4,21.35,14.13,10.87,65.22,30.03,83.29,77.46,62.36,5.09,21.72,55.17,15.67,38.43,51.75,18.03,44.3,69.4,38.6,66.7,27.33,74.6,56.34,15.59,40.19,78.19,19.78,41.13,46.86,86.8,13.06,93.13,31.62,93.3,61.23,73.53,87.59,67.62,78.7,8.58,0.87,86.22
161,IND161,India,Asia,0.589,57.7,14.2,48252,20.3,15.06,21.3,84.07,36.29,90.92,58.34,82.83,47.51,70.36,28.97,10.15,56.19,90.08,15.2,41.52,53.23,61.83,15.83,55.23,46.96,98.33,69.0,90.37,97.61,66.39,14.66,44.49,75.57,13.56,38.09,37.94,17.05,2.0,68.81,81.8,93.09,58.49,18.18,89.4,97.03,94.66,56.68,88.56,98.78,88.65,6.89,13.49,30.01,39.36,14.95,99.29,79.1,66.89,96.16,32.07,71.14,94.88,8.31,60.28,79.93,1.6,89.1,41.77,16.91,85.13,19.2,28.02,52.04,91.59,48.96,90.58,5.2,23.88
162,USA162,USA,Africa,0.55,84.9,7.7,37261,75.0,75.98,45.81,8.02,55.13,13.06,97.82,62.42,73.46,1.92,38.07,90.45,38.0,3.6,67.19,69.69,33.56,80.31,85.36,78.41,40.72,34.21,94.29,71.91,55.24,48.88,26.67,91.34,91.88,8.48,66.62,31.86,50.88,11.35,81.08,80.62,10.7,7.44,37.34,15.4,80.15,77.89,86.37,0.96,1.34,80.7,87.02,61.75,15.62,62.61,87.13,46.08,87.34,78.61,10.58,12.2,70.41,19.95,74.61,8.12,9.17,95.14,0.38,79.16,23.31,5.0,7.94,32.04,52.93,47.6,19.73,98.79,60.55,18.61
163,CHI163,China,Africa,0.817,72.8,13.5,59501,18.49,0.63,17.59,19.77,14.39,54.2,97.27,70.0,70.29,7.58,18.7,32.14,99.2,16.24,63.53,59.23,60.16,50.67,28.54,42.65,82.45,73.54,53.06,65.48,96.81,25.17,75.43,6.47,6.28,34.42,73.29,61.98,81.77,8.0,76.44,71.61,1.2,74.43,8.82,58.81,91.63,36.15,68.11,67.82,6.59,26.24,83.97,45.08,74.22,48.04,49.97,76.34,31.35,99.91,19.03,58.72,4.27,35.29,46.49,46.16,92.34,84.65,97.23,46.36,89.91,45.22,14.21,75.06,41.96,2.45,13.94,31.67,98.98,63.22
164,JAP164,Japan,Americas,0.608,68.0,13.0,24146,15.1,94.6,21.7,1.64,47.23,27.09,19.78,49.73,15.83,82.98,85.38,27.77,18.99,60.68,49.91,43.51,85.16,48.73,66.58,35.34,10.6,95.3,70.6,60.78,14.15,51.88,49.42,21.64,49.05,95.69,63.15,33.86,31.06,61.85,61.16,59.91,52.96,34.11,37.34,68.85,12.81,56.53,47.35,1.77,37.0,24.61,94.46,68.83,91.01,90.26,63.39,90.18,47.62,28.05,34.08,79.38,69.83,90.19,96.55,78.16,57.23,91.14,70.81,60.94,81.33,24.91,56.33,89.06,31.35,88.07,38.41,14.84,32.17,52.92
165,GER165,Germany,Americas,0.743,81.7,14.5,36366,6.69,38.96,19.32,76.99,71.19,36.38,77.78,47.37,22.33,0.31,35.62,62.07,56.19,78.37,95.67,48.47,31.42,88.32,20.01,81.07,18.82,92.37,60.51,29.56,6.06,88.48,52.35,50.41,24.82,37.6,70.06,85.27,29.82,20.42,29.61,2.88,64.4,42.14,36.86,77.58,99.3,44.67,38.2,15.7,44.41,31.41,93.69,45.59,19.78,60.65,28.48,58.65,32.28,1.7,5.24,32.65,47.71,14.18,83.18,37.5,2.55,43.43,32.39,17.8,61.31,76.05,64.36,32.4,75.65,3.94,51.17,72.28,71.37,49.67
166,FRA166,France,Asia,0.48,58.1,5.8,32303,9.19,36.03,35.71,8.12,34.36,6.96,40.06,6.22,41.64,78.97,69.46,54.81,8.95,20.73,15.91,76.28,86.87,22.74,5.65,68.35,2.42,64.29,69.73,47.87,4.22,75.85,95.0,95.44,13.77,31.95,38.75,63.43,39.58,51.02,28.96,2.35,71.47,41.49,6.8,20.01,3.6,22.95,49.15,34.94,8.06,88.16,50.91,82.9,39.72,15.23,0.73,62.77,62.28,26.56,37.43,38.84,83.48,75.42,25.63,19.58,89.79,39.26,65.05,45.16,44.55,96.77,67.18,77.0,20.46,11.27,38.75,10.67,93.31,20.56
167,BRA167,Brazil,Oceania,0.819,64.0,11.6,29594,88.67,81.79,36.09,5.44,62.61,56.68,88.44,25.23,51.11,30.99,21.64,18.09,33.39,49.96,71.99,72.0,45.79,39.08,75.39,92.08,48.02,59.67,79.5,66.7,93.78,7.77,10.73,0.03,3.12,5.0,1.12,27.42,0.0,44.51,72.87,96.12,9.72,36.8,64.58,97.09,74.18,37.28,28.0,65.36,29.75,3.5,12.01,14.18,45.69,93.22,98.33,91.46,12.03,63.67,95.24,79.28,88.03,93.2,17.46,11.26,72.48,45.52,88.64,69.49,27.31,2.26,56.32,6.33,69.18,21.55,39.75,37.74,3.72,43.25
168,CAN168,Canada,Americas,0.635,84.2,10.3,7271,65.66,95.94,87.64,70.99,71.89,20.27,26.73,67.12,96.32,18.81,68.97,81.04,99.58,4.41,56.32,85.7,55.89,70.29,79.2,71.56,74.25,28.65,8.84,36.73,82.07,54.46,37.33,90.18,72.62,54.08,32.07,63.93,40.7,58.02,37.21,98.35,76.73,14.76,67.27,88.94,67.57,40.78,96.14,8.64,25.32,13.76,92.47,64.55,45.08,53.92,68.03,88.97,34.35,91.83,98.27,14.51,34.16,63.27,74.48,85.11,57.37,97.72,79.23,82.47,39.64,82.34,88.07,99.05,54.4,51.96,57.55,25.47,55.04,94.23
169,AUS169,Australia,Europe,0.79,78.6,9.4,44162,73.19,79.69,54.85,39.5,65.69,39.28,57.7,74.98,68.78,98.8,22.58,64.39,15.57,69.39,75.33,71.62,89.32,96.93,79.99,49.52,91.58,69.49,30.66,75.58,30.29,20.92,63.82,95.16,19.1,1.62,29.58,20.71,82.77,68.05,6.7,45.26,11.9,94.49,66.16,1.06,59.76,34.32,37.49,30.38,61.93,91.96,63.52,59.33,67.91,97.7,50.0,35.15,25.58,47.36,79.78,75.29,76.98,42.27,58.71,88.06,94.91,68.48,99.46,38.0,96.28,75.9,8.68,25.22,9.2,24.54,83.06,63.13,9.4,37.99
170,UNI170,United Kingdom,Africa,0.538,84.5,4.4,42107,55.26,70.4,45.12,61.37,9.5,68.38,59.34,67.52,2.82,50.63,6.91,18.12,27.47,56.5,80.13,53.57,72.43,25.32,11.77,51.67,17.39,45.17,85.36,3.98,60.11,42.67,68.68,96.86,7.68,48.21,24.9,38.73,74.45,65.39,17.66,37.67,30.23,22.34,86.56,58.36,49.34,71.38,80.84,94.8,11.61,16.44,13.2,97.88,60.52,2.37,49.61,79.43,43.0,70.84,89.77,36.83,54.35,41.86,3.35,43.63,70.2,6.69,8.72,87.78,66.47,47.46,50.71,24.32,92.79,13.75,2.41,8.64,18.68,19.65
171,SOU171,South Africa,Oceania,0.613,62.9,4.7,25815,58.21,11.58,3.98,20.24,30.03,74.66,39.07,37.19,51.02,1.22,52.46,26.59,53.05,30.33,81.15,31.95,24.37,48.04,21.36,66.4,47.83,21.41,17.24,55.3,62.7,85.87,7.09,66.71,85.78,14.54,76.05,47.77,98.99,7.26,16.47,62.69,41.35,62.56,93.76,82.8,40.64,75.24,4.29,32.05,39.46,19.26,72.65,37.37,44.98,83.64,22.47,90.75,47.94,94.94,50.95,40.65,87.19,63.53,24.13,52.13,49.71,7.51,59.98,41.73,56.17,70.45,77.7,77.29,3.99,27.74,28.08,65.02,98.67,34.15
172,MEX172,Mexico,Oceania,0.745,82.6,13.4,63092,51.14,38.61,87.12,68.85,69.52,92.35,60.52,66.1,57.4,46.93,9.1,48.97,34.24,51.7,63.14,25.16,26.82,27.13,28.89,51.35,31.31,90.58,90.72,56.6,34.85,30.63,82.57,51.77,41.15,26.39,42.38,65.91,76.83,89.06,13.93,76.99,29.5,68.71,36.15,54.28,32.11,79.8,58.17,17.34,72.46,87.61,63.86,20.57,78.99,83.04,18.31,64.75,49.7,24.56,48.43,27.07,56.82,53.74,14.63,60.6,25.25,96.65,81.31,98.39,0.33,18.89,93.41,92.78,45.48,99.09,58.36,27.71,56.75,19.92
173,IND173,Indonesia,Asia,0.959,73.8,9.4,15666,47.64,38.69,11.94,18.11,36.13,80.13,5.45,84.72,27.74,54.85,26.84,78.39,92.57,68.67,20.49,89.13,56.66,0.99,33.76,62.44,27.72,42.98,23.05,61.83,57.06,26.67,55.26,84.08,15.17,55.37,31.67,21.99,80.57,82.51,20.31,61.63,95.45,9.12,74.05,97.87,26.97,48.63,9.57,84.54,22.1,45.95,16.56,17.35,22.03,10.74,23.88,30.85,57.96,59.97,38.67,21.34,10.04,8.2,71.24,44.25,73.92,38.45,61.51,38.02,54.13,27.17,88.18,49.15,78.96,52.39,32.21,49.9,61.56,83.82
174,ITA174,Italy,Oceania,0.517,59.3,4.9,51001,16.84,40.4,21.79,35.33,27.41,71.49,89.85,37.94,87.77,96.07,68.65,56.33,64.55,6.47,71.31,2.19,57.17,35.95,2.05,43.63,44.53,42.41,43.74,34.82,26.91,91.16,25.99,15.81,21.91,58.55,51.72,53.09,19.57,3.63,38.14,4.8,22.86,70.71,15.88,61.54,55.28,25.04,52.53,25.51,14.9,14.16,43.59,87.1,18.6,40.95,16.66,6.68,87.18,62.09,57.26,78.31,87.18,86.68,74.11,28.82,47.02,42.33,16.79,1.72,96.13,60.26,7.7,77.28,26.9,78.31,53.4,77.91,55.34,36.89
175,SPA175,Spain,Europe,0.487,83.0,6.7,2646,32.55,17.18,27.23,81.33,50.09,89.48,39.38,16.7,46.91,84.65,24.19,60.9,36.72,78.32,46.24,45.49,71.02,71.34,16.21,60.6,4.23,98.29,13.59,28.72,52.89,49.0,75.43,55.03,72.62,88.88,46.66,64.74,51.97,78.64,57.75,83.76,40.52,25.14,93.69,16.69,85.79,12.62,3.64,7.34,99.47,84.19,11.55,90.42,38.26,29.95,2.39,48.72,75.03,21.56,77.51,75.03,44.99,59.04,75.88,13.98,79.38,39.64,14.23,90.05,90.37,25.29,39.92,71.29,37.16,20.47,13.04,95.96,24.54,14.55
176,RUS176,Russia,Asia,0.568,56.6,9.1,52166,88.7,87.21,7.81,29.4,82.11,55.16,4.05,98.14,84.72,6.78,33.15,31.03,50.67,1.11,10.13,74.43,56.16,5.99,50.95,63.07,37.13,44.84,33.4,61.29,34.69,32.65,36.8,80.12,58.56,88.35,75.85,43.34,51.4,66.63,54.8,74.89,50.59,99.86,15.33,82.47,33.02,71.43,73.14,63.52,14.4,76.21,19.63,61.69,27.58,22.02,4.4,1.21,13.29,41.84,19.37,79.95,88.32,42.69,56.82,99.04,21.06,99.1,16.34,3.75,72.72,78.7,21.91,91.51,16.56,67.26,11.42,66.94,81.17,34.27
177,ARG177,Argentina,Africa,0.885,83.7,6.8,74712,54.79,90.13,74.21,63.15,32.65,15.56,68.2,71.66,52.0,27.9,59.39,89.66,22.62,2.22,48.34,32.82,50.88,49.89,72.43,40.47,95.21,30.03,86.31,10.65,14.8,22.36,78.35,88.07,24.87,90.52,92.61,69.74,50.58,41.26,39.99,56.66,29.91,24.25,62.31,94.85,66.29,77.5,92.61,5.69,40.59,43.22,41.42,97.84,33.38,37.04,30.8,48.65,99.78,92.78,39.63,21.4,43.01,23.51,24.32,80.45,33.61,59.8,59.34,85.32,10.07,8.23,73.74,15.0,42.85,89.66,93.44,79.36,69.74,15.19
178,NIG178,Nigeria,Asia,0.401,60.3,5.5,49572,67.87,91.81,70.0,66.61,8.75,16.52,30.98,10.0,99.63,8.23,3.95,0.02,92.26,78.95,89.71,82.42,49.04,26.73,29.14,83.68,7.17,61.27,13.86,46.23,85.24,15.74,77.61,51.49,49.64,22.38,28.37,39.34,33.87,16.28,47.27,45.25,95.17,30.64,65.35,81.46,41.8,93.05,79.43,84.71,66.63,21.05,46.13,70.32,3.68,5.87,87.51,14.77,99.82,12.61,72.28,28.25,33.27,32.0,23.93,48.16,40.99,92.99,66.83,67.16,72.94,30.25,70.91,89.56,65.62,36.42,39.08,34.51,4.89,84.11
179,NEP179,Nepal,Africa,0.622,79.4,9.1,53599,78.37,86.26,44.96,81.58,74.53,70.74,65.84,95.81,75.15,86.81,18.4,86.92,16.42,25.06,9.32,87.55,33.46,4.2,14.03,51.28,49.54,27.79,20.23,18.05,3.84,0.92,36.07,34.3,61.49,33.72,10.46,77.16,96.93,20.17,14.78,68.04,85.78,74.41,27.34,39.07,52.87,59.05,92.66,19.67,76.97,73.13,3.94,96.41,59.1,29.02,99.68,45.64,28.45,1.79,58.93,96.51,6.28,82.96,41.72,46.35,88.44,57.19,92.31,83.48,22.29,26.47,89.15,85.22,81.67,66.84,57.96,39.48,0.43,22.92
180,SRI180,Sri Lanka,Europe,0.943,68.5,8.4,57862,4.78,7.61,80.33,53.53,89.95,93.99,1.63,86.85,73.28,76.68,78.8,76.89,66.33,49.66,58.02,53.41,55.24,77.97,85.52,92.56,38.9,72.57,17.72,65.61,1.42,42.95,32.88,24.56,47.99,9.95,93.11,73.1,16.9,29.23,25.71,16.19,42.64,72.92,36.14,76.51,28.88,99.79,69.16,63.9,7.62,15.56,12.14,93.71,95.36,6.6,77.03,75.84,27.01,17.9,76.49,33.75,50.05,83.52,53.46,51.08,48.12,61.44,78.55,35.63,9.2,17.64,80.66,54.53,25.03,1.82,91.39,80.44,79.33,8.64
181,IND181,India,Asia,0.493,65.3,9.7,71598,19.42,99.11,75.73,35.14,34.02,38.93,75.68,10.36,51.24,81.18,21.24,19.01,63.75,77.35,74.77,6.69,99.3,22.68,65.7,91.29,49.44,77.08,38.73,64.25,19.91,4.2,45.29,0.37,35.54,98.77,93.39,64.87,41.55,83.75,96.96,86.2,8.52,84.3,59.46,56.14,11.65,13.58,49.43,99.61,72.59,34.07,62.49,3.25,83.52,31.71,31.21,82.22,29.35,85.87,5.49,30.02,96.41,13.69,25.83,37.96,15.3,33.99,41.2,7.44,53.1,7.51,30.84,29.98,2.27,98.13,32.78,71.18,86.95,93.14
182,USA182,USA,Oceania,0.742,58.0,5.2,36129,76.8,31.83,12.37,57.64,58.22,7.88,4.91,31.15,76.06,75.48,91.3,7.97,71.28,93.52,87.03,54.61,90.63,65.79,10.04,40.36,93.08,31.19,87.8,9.3,33.33,74.11,13.69,9.43,94.47,0.4,89.14,4.25,80.95,40.6,10.69,15.88,93.97,89.5,24.76,33.41,18.51,91.82,70.07,10.39,81.22,47.03,72.87,12.67,73.79,82.22,68.24,23.86,40.79,68.14,87.51,57.67,72.99,84.18,49.27,23.79,42.97,61.33,38.84,82.5,29.27,13.62,97.37,41.15,57.83,26.94,61.64,88.96,70.69,25.5
183,CHI183,China,Oceania,0.684,84.3,8.5,26556,74.68,69.13,57.66,81.44,58.02,96.72,24.88,71.11,23.09,25.0,4.66,7.22,39.47,96.52,27.65,11.26,0.28,21.02,11.08,69.62,41.34,34.14,44.71,14.7,64.8,12.32,36.88,97.73,37.87,51.89,27.51,66.31,85.78,14.59,38.92,18.8,66.59,94.68,24.28,48.89,27.39,4.89,0.31,46.36,6.14,88.89,5.96,45.87,28.91,41.34,88.13,14.07,27.93,42.62,1.38,78.57,52.96,58.65,34.78,64.43,44.93,68.84,27.56,47.68,39.06,16.05,22.06,90.48,1.71,23.44,48.59,21.89,94.85,50.97
184,JAP184,Japan,Europe,0.463,76.6,9.7,14454,27.18,65.83,79.95,74.64,2.03,56.72,88.48,24.12,28.28,80.97,75.77,66.84,55.6,61.36,79.9,52.99,18.29,49.7,52.83,14.91,1.96,76.85,76.97,41.97,34.13,48.1,18.74,73.26,72.09,42.48,69.6,27.19,19.95,40.2,84.19,60.16,56.4,9.61,47.19,19.63,24.49,4.58,33.61,47.14,24.12,33.34,22.76,95.75,1.64,7.63,56.52,13.7,41.07,4.39,46.71,53.5,73.86,10.26,98.98,54.86,71.84,22.07,21.45,37.09,3.66,1.17,58.75,12.03,28.04,58.86,44.98,20.91,34.08,23.67
185,GER185,Germany,Asia,0.453,62.5,10.6,33115,4.42,68.9,54.11,65.73,69.59,0.64,84.2,81.71,21.64,41.18,33.07,8.87,58.29,92.48,27.77,42.71,34.9,35.69,45.24,69.59,2.69,9.75,62.72,2.14,27.53,17.21,15.7,73.75,73.24,19.59,20.91,13.26,46.09,66.17,22.56,13.45,11.79,91.22,20.42,62.71,88.02,29.96,68.68,15.39,6.33,90.12,47.37,0.76,37.45,53.3,68.44,89.29,10.85,76.44,21.18,15.37,10.84,22.93,81.26,26.61,52.03,55.5,67.71,95.0,93.21,89.9,91.71,98.44,88.64,15.74,99.72,53.28,56.73,95.36
186,FRA186,France,Americas,0.498,80.1,8.9,42883,26.02,21.41,73.34,77.18,2.0,40.58,37.55,53.54,92.72,87.47,11.53,69.45,90.08,22.97,70.03,94.96,11.32,47.93,90.93,58.07,73.76,13.52,51.8,53.9,23.18,12.64,90.8,50.84,60.69,88.44,24.15,55.23,33.91,53.76,25.97,33.21,13.62,17.83,42.77,85.02,20.53,80.29,22.05,63.62,51.8,62.48,7.14,72.09,54.67,73.77,32.18,16.46,27.63,84.72,3.0,76.55,78.0,77.53,69.09,86.29,72.31,8.36,16.49,74.22,63.7,8.11,68.8,48.08,80.54,43.9,89.43,64.75,5.72,63.08
187,BRA187,Brazil,Oceania,0.415,59.5,7.9,51182,67.22,79.47,50.4,28.99,29.21,15.93,54.58,14.79,66.81,54.0,28.72,52.22,76.8,15.06,82.44,28.9,62.17,4.25,37.94,4.04,43.47,2.63,59.92,0.28,26.13,24.56,34.54,34.15,36.15,51.59,53.0,40.52,56.3,23.58,14.93,26.94,22.78,32.16,66.13,36.62,82.16,78.51,37.53,4.19,71.43,62.5,5.3,20.79,41.02,85.6,55.83,61.81,78.65,1.7,62.44,63.62,93.86,92.46,18.48,6.45,26.78,4.7,12.24,39.17,83.49,12.43,55.58,52.93,0.5,62.56,25.87,85.69,17.74,94.84
188,CAN188,Canada,Americas,0.902,62.5,6.1,26100,52.83,6.42,26.78,15.49,6.55,69.66,61.91,29.52,17.09,57.14,66.95,73.06,40.76,15.86,24.27,41.98,71.7,36.83,72.52,52.83,21.39,30.96,77.83,8.22,87.34,82.2,29.16,98.22,38.99,35.47,75.03,75.77,86.63,4.23,40.33,22.91,67.58,33.99,68.32,29.38,95.92,91.14,2.33,8.46,37.73,41.12,27.98,29.06,57.57,81.47,50.52,91.81,77.2,73.08,36.84,55.61,50.1,17.85,98.23,33.16,97.25,46.57,83.18,6.15,68.83,3.75,68.68,5.75,85.3,23.88,91.65,20.89,76.5,35.51
189,AUS189,Australia,Oceania,0.547,64.5,11.8,53236,72.85,80.67,80.59,9.01,71.13,45.47,46.65,87.86,12.38,4.83,97.56,24.11,9.14,67.88,49.26,13.47,64.4,99.94,3.92,40.66,3.48,7.68,8.39,75.0,76.14,49.67,96.17,99.14,9.53,96.07,85.84,77.89,72.03,52.45,0.84,91.15,20.87,2.66,81.07,58.61,33.46,41.5,54.97,83.76,52.39,1.31,68.84,33.39,63.68,49.74,72.93,82.3,59.61,96.04,90.79,91.67,88.23,68.01,39.18,60.97,34.58,88.59,7.63,60.37,80.85,87.08,63.93,57.5,10.89,29.22,23.13,52.99,34.3,2.64
190,UNI190,United Kingdom,Europe,0.831,67.2,5.9,22167,94.16,60.66,50.59,7.35,45.13,33.52,41.83,9.22,93.38,69.54,85.73,29.39,51.97,40.72,74.71,82.96,63.05,77.8,33.75,49.24,39.55,43.54,79.07,4.64,69.37,11.65,12.88,78.03,1.8,4.22,19.29,99.03,52.03,20.32,39.06,88.45,8.84,87.12,2.73,15.4,45.56,32.04,74.52,9.99,17.55,21.86,89.75,35.58,81.74,50.91,18.34,57.2,48.54,84.74,42.45,56.14,90.24,62.12,98.39,83.14,29.04,96.31,11.58,30.4,55.45,79.38,98.51,78.02,34.26,23.74,86.28,91.27,73.67,52.86
191,SOU191,South Africa,Americas,0.426,62.0,8.1,17770,5.34,66.7,45.15,69.4,60.57,4.75,36.82,56.45,70.75,80.33,28.58,18.18,1.58,99.54,99.19,58.29,16.56,75.62,70.62,62.38,62.6,76.66,57.27,37.59,78.05,29.64,55.27,60.47,60.03,72.98,67.83,98.12,45.62,88.92,29.55,53.53,36.62,38.41,95.19,24.82,33.04,10.29,2.13,50.04,30.96,61.88,97.49,19.45,17.51,19.04,18.5,78.03,81.94,29.44,14.13,96.91,40.42,55.98,93.75,40.78,69.97,99.0,47.3,39.8,11.77,76.38,97.23,3.05,44.2,74.93,30.95,94.3,72.44,52.0
192,MEX192,Mexico,Europe,0.586,74.9,14.0,33476,89.85,52.02,65.73,56.12,1.75,81.88,28.47,0.31,34.47,40.75,66.36,98.16,90.22,56.63,43.41,2.99,80.46,78.41,40.62,76.31,54.45,14.66,66.09,9.35,55.06,57.29,34.47,63.04,92.35,21.66,56.18,80.87,9.83,83.06,88.23,76.65,80.72,31.37,33.69,92.38,12.02,84.33,77.72,39.87,14.9,58.76,77.31,84.98,27.19,89.9,85.46,83.25,16.42,75.23,0.1,66.77,51.39,60.04,90.73,38.93,99.84,11.68,97.97,38.72,20.21,8.12,19.33,61.19,82.36,82.33,2.55,94.53,37.52,5.6
193,IND193,Indonesia,Africa,0.446,73.9,4.8,43625,5.43,40.78,17.72,62.95,19.59,58.25,44.33,41.11,14.36,73.0,22.05,27.98,1.68,49.53,44.27,28.15,16.23,71.43,44.9,13.97,40.32,86.3,67.14,59.63,34.46,55.55,9.21,87.24,72.5,82.6,92.28,92.31,98.2,56.54,93.25,6.68,77.77,2.27,93.66,67.46,26.28,97.03,19.84,45.39,8.92,13.27,93.14,35.79,93.06,20.26,91.58,40.13,46.72,92.72,46.43,20.49,99.61,90.76,67.8,7.86,16.34,37.98,21.89,42.19,82.52,97.95,31.78,46.77,54.61,97.64,37.6,19.04,44.75,89.14
194,ITA194,Italy,Oceania,0.569,62.9,4.5,23611,86.46,32.3,14.09,39.56,51.03,97.31,9.45,27.54,99.49,23.65,20.49,25.01,10.16,47.04,10.83,14.18,46.32,79.09,66.73,17.03,18.66,1.4,16.15,9.23,49.16,82.06,53.62,18.24,62.83,26.11,93.06,41.99,57.25,34.01,82.97,78.44,68.68,43.79,75.79,86.66,23.16,82.25,24.3,11.5,51.53,54.35,99.59,40.84,33.85,57.24,44.96,73.88,49.28,70.28,54.46,63.67,40.28,92.71,11.9,47.83,6.11,86.09,49.65,90.03,51.83,80.76,86.01,1.55,76.45,37.61,14.36,65.89,17.09,22.39
195,SPA195,Spain,Africa,0.587,59.8,14.9,49477,1.48,33.51,98.89,93.71,68.67,40.49,15.03,7.29,65.13,93.71,7.28,57.06,32.74,39.79,45.67,59.42,3.94,59.06,77.26,26.85,43.0,60.9,28.88,54.67,1.62,15.83,89.22,3.78,33.09,3.39,60.52,72.96,66.23,54.23,97.5,59.82,69.14,50.74,29.19,13.0,88.25,33.77,73.54,51.22,62.95,64.73,28.36,45.19,54.57,45.79,81.03,91.29,69.53,44.14,35.69,17.9,89.52,40.17,39.05,19.6,76.91,65.67,2.62,61.56,27.49,78.02,96.35,6.35,62.78,97.34,49.49,53.22,38.45,14.99
